entry,status,file,size,method,oracle
0x8c03482a,ported,src/lib/sh4rt.c,30,transliteration,tests/libutil_replay.c PASS
0x8c034852,ported-alias,src/sys/mainloop.c,0,transliteration,tests/mainloop_replay.c PASS
0x8c034864,ported,src/sys/mainloop.c,326,transliteration,tests/mainloop_replay.c PASS
0x8c035148,ported-invocation,src/fight/next_adapters.c,120,shared C algorithms and static callers; complete invocation and device-tape replay,matrix_family: 87/87 cases match (0 skipped) - PASS; held-out and fresh replay; strict registers/XF/FPUL/GBR/return-PC/RAM/device access; see docs/re/next_coverage_batch.md
0x8c0355a0,ported,src/sys/taskvm.c,42,transliteration,tests/taskvm_replay.c PASS
0x8C0355A4,ported-invocation,src/fight/seventh_c7_adapters.c,38,static original-image C control flow; complete invocation replay,8 distinct development cases; docs/re/seventh_coverage_batch.md
0x8c0355ca,ported,src/sys/taskvm.c,26,transliteration,tests/taskvm_replay.c PASS
0x8c0355f4,ported,src/sys/taskvm.c,26,transliteration,tests/taskvm_replay.c PASS
0x8c03560e,ported,src/sys/taskvm.c,26,transliteration,tests/taskvm_replay.c PASS
0x8c035628,ported,src/sys/taskvm.c,76,transliteration,tests/taskvm_replay.c PASS
0x8c035a4e,ported,src/sys/taskvm.c,84,transliteration,tests/taskvm_replay.c PASS
0x8c036006,ported-invocation,src/fight/motion_adapters.c,250,shared C algorithms and static callers; complete invocation replay,matrix_family: 974/974 cases match (0 skipped) - PASS; strict registers/XF/FPUL/GBR/return-PC/RAM; >=2 scenarios; see docs/re/motion_batch.md
0x8c03613a,ported-invocation,src/fight/device_adapters.c,304,shared C algorithms and static callers; complete invocation and device-tape replay,matrix_family: 575/575 cases match (0 skipped) - PASS; held-out and fresh replay; strict registers/XF/FPUL/GBR/return-PC/RAM/device access; see docs/re/next_coverage_batch.md
0x8c03628a,ported-invocation,src/fight/fifth_adapters.c,98,shared C algorithms and static callers; complete invocation and device-tape replay,matrix_family: 1232/1232 cases match (0 skipped) - PASS; held-out and fresh replay; strict registers/banked/XF/FPUL/GBR/return-PC/RAM/device access; see docs/re/fifth_coverage_batch.md
0x8c03658c,ported-invocation,src/fight/next_adapters.c,8,shared C algorithms and static callers; complete invocation and device-tape replay,matrix_family: 1248/1248 cases match (0 skipped) - PASS; held-out and fresh replay; strict registers/XF/FPUL/GBR/return-PC/RAM/device access; see docs/re/next_coverage_batch.md
0x8c036594,ported-invocation,src/fight/fifth_leaf_adapters.c,64,shared C algorithms and static callers; complete invocation and device-tape replay,matrix_family: 117/117 cases match (0 skipped) - PASS; held-out and fresh replay; strict registers/banked/XF/FPUL/GBR/return-PC/RAM/device access; see docs/re/fifth_coverage_batch.md
0x8C0365D4,ported-invocation,src/fight/seventh_c11_adapters.c,22,static original-image C control flow; complete invocation replay,8 distinct development cases; docs/re/seventh_coverage_batch.md
0x8c0368c0,ported-invocation,src/fight/device_adapters.c,168,shared C algorithms and static callers; complete invocation and device-tape replay,matrix_family: 556/556 cases match (0 skipped) - PASS; held-out and fresh replay; strict registers/XF/FPUL/GBR/return-PC/RAM/device access; see docs/re/next_coverage_batch.md
0x8c036bba,ported-invocation,src/fight/next_adapters.c,102,shared C algorithms and static callers; complete invocation and device-tape replay,matrix_family: 755/755 cases match (0 skipped) - PASS; held-out and fresh replay; strict registers/XF/FPUL/GBR/return-PC/RAM/device access; see docs/re/next_coverage_batch.md
0x8c036c8c,ported-invocation,src/fight/fight_adapters.c,256,shared C algorithms and static callers; complete invocation replay,matrix_family: 512/512 cases match (0 skipped) - PASS; strict registers/XF/FPUL/GBR/return-PC/RAM; >=2 scenarios; see docs/re/fight_batch.md
0x8c03772a,ported,src/fight/vf3_fifth_leaf_unowned_adapter.c,2,capture-driven port,fifth_leaf_unowned: 1 strict cases from seventh_c15_cases corpus - PASS; see docs/re/eleventh_coverage_batch.md
0x8c038a8a,ported-invocation,src/fight/next_adapters.c,104,shared C algorithms and static callers; complete invocation and device-tape replay,matrix_family: 230/230 cases match (0 skipped) - PASS; held-out and fresh replay; strict registers/XF/FPUL/GBR/return-PC/RAM/device access; see docs/re/next_coverage_batch.md
0x8C038B40,ported-invocation,src/fight/seventh_c12_adapters.c,14,static original-image C control flow; complete invocation replay,3 distinct development cases; docs/re/seventh_coverage_batch.md
0x8c038fe4,ported,src/fight/vf3_motion_final_adapter.c,146,capture-driven port,matrix_final: 9 strict cases from motion_final corpus - PASS; see docs/re/eleventh_coverage_batch.md
0x8c03a140,ported,src/fight/fdivker.c,22,oracle-verified (RAM shadow diff),fdivker_replay 64/64 PASS (64 pairs / 64 RAM cases; alternate entry prologue)
0x8c03a6e0,ported,src/fight/fdivker.c,118,oracle-verified (RAM shadow diff),"fdivker_replay 64/64 PASS (64 pairs / 64 RAM cases, 1 stack window; off-baseline gap unit U1, both T-exits, RM=1 + DN modes)"
0x8C03B304,ported-invocation,src/fight/seventh_c5_adapters.c,54,static original-image C control flow; complete invocation replay,5 distinct development cases; docs/re/seventh_coverage_batch.md
0x8c03b364,ported,src/fight/vf3_ultimate_adapter.c,62,capture-driven port,ultimate adapter: 24 cases from fifth_leaf_fresh_v6_cases corpus - PASS; see docs/re/fifteenth_coverage_batch.md
0x8C03B684,ported-invocation,src/fight/seventh_c12_adapters.c,12,static original-image C control flow; complete invocation replay,4 distinct development cases; docs/re/seventh_coverage_batch.md
0x8c03c092,ported-invocation,src/fight/fifth_leaf_adapters.c,78,shared C algorithms and static callers; complete invocation and device-tape replay,matrix_family: 128/128 cases match (0 skipped) - PASS; held-out and fresh replay; strict registers/banked/XF/FPUL/GBR/return-PC/RAM/device access; see docs/re/fifth_coverage_batch.md
0x8c03c51a,ported-invocation,src/fight/fifth_leaf_adapters.c,86,shared C algorithms and static callers; complete invocation and device-tape replay,matrix_family: 128/128 cases match (0 skipped) - PASS; held-out and fresh replay; strict registers/banked/XF/FPUL/GBR/return-PC/RAM/device access; see docs/re/fifth_coverage_batch.md
0x8c03c76c,ported-invocation,src/fight/motion_adapters.c,168,shared C algorithms and static callers; complete invocation replay,matrix_family: 925/925 cases match (0 skipped) - PASS; strict registers/XF/FPUL/GBR/return-PC/RAM; >=2 scenarios; see docs/re/motion_batch.md
0x8c03cac6,ported-invocation,src/fight/next_adapters.c,106,shared C algorithms and static callers; complete invocation and device-tape replay,matrix_family: 1029/1029 cases match (0 skipped) - PASS; held-out and fresh replay; strict registers/XF/FPUL/GBR/return-PC/RAM/device access; see docs/re/next_coverage_batch.md
0x8c03d260,ported-invocation,src/fight/fifth_leaf_adapters.c,32,shared C algorithms and static callers; complete invocation and device-tape replay,matrix_family: 128/128 cases match (0 skipped) - PASS; held-out and fresh replay; strict registers/banked/XF/FPUL/GBR/return-PC/RAM/device access; see docs/re/fifth_coverage_batch.md
0x8c03d506,ported-invocation,src/fight/motion_adapters.c,432,shared C algorithms and static callers; complete invocation replay,matrix_family: 262/262 cases match (0 skipped) - PASS; strict registers/XF/FPUL/GBR/return-PC/RAM; >=2 scenarios; see docs/re/motion_batch.md
0x8c03e140,ported-invocation,src/fight/next_adapters.c,122,shared C algorithms and static callers; complete invocation and device-tape replay,matrix_family: 292/292 cases match (0 skipped) - PASS; held-out and fresh replay; strict registers/XF/FPUL/GBR/return-PC/RAM/device access; see docs/re/next_coverage_batch.md
0x8c03e2fc,ported,src/fight/fight_adapters.c,54,capture-driven port,matrix_family: 82 strict cases from fifth_leaf_fresh_v6_cases - PASS; see docs/re/tenth_coverage_batch.md
0x8c03e360,ported-invocation,src/fight/next_adapters.c,190,shared C algorithms and static callers; complete invocation and device-tape replay,matrix_family: 89/89 cases match (0 skipped) - PASS; held-out and fresh replay; strict registers/XF/FPUL/GBR/return-PC/RAM/device access; see docs/re/next_coverage_batch.md
0x8c03e442,ported,src/fight/fifth_adapters.c,182,capture-driven port,matrix_family: 27 cases from fifth_primary_cases corpus - PASS (body cover 95.6%); see docs/re/twelfth_coverage_batch.md
0x8c03e8ca,ported-invocation,src/fight/motion_adapters.c,174,shared C algorithms and static callers; complete invocation replay,matrix_family: 1053/1053 cases match (0 skipped) - PASS; strict registers/XF/FPUL/GBR/return-PC/RAM; >=2 scenarios; see docs/re/motion_batch.md
0x8c03e980,ported-invocation,src/fight/fifth_leaf_adapters.c,44,shared C algorithms and static callers; complete invocation and device-tape replay,matrix_family: 128/128 cases match (0 skipped) - PASS; held-out and fresh replay; strict registers/banked/XF/FPUL/GBR/return-PC/RAM/device access; see docs/re/fifth_coverage_batch.md
0x8c03ecb0,ported-invocation,src/fight/fifth_leaf_adapters.c,28,shared C algorithms and static callers; complete invocation and device-tape replay,matrix_family: 127/127 cases match (0 skipped) - PASS; held-out and fresh replay; strict registers/banked/XF/FPUL/GBR/return-PC/RAM/device access; see docs/re/fifth_coverage_batch.md
0x8c03ecf0,ported-invocation,src/fight/fight_adapters.c,36,static original-image C control flow; complete invocation replay,"matrix_family: 64/64 development strict; 126/126 holdout strict; 124/124 fresh strict; zero skips, zero OOB; >=2 scenarios; full registers/banked/XF/FPUL/GBR/return-PC/RAM; see docs/re/eighth_coverage_batch.md"
0x8c03eff4,ported-invocation,src/fight/fifth_leaf_adapters.c,66,shared C algorithms and static callers; complete invocation and device-tape replay,matrix_family: 127/127 cases match (0 skipped) - PASS; held-out and fresh replay; strict registers/banked/XF/FPUL/GBR/return-PC/RAM/device access; see docs/re/fifth_coverage_batch.md
0x8c03f044,ported-invocation,src/fight/fifth_adapters.c,86,static original-image C control flow; complete invocation replay,"matrix_family: 64/64 development strict; 126/126 holdout strict; 124/124 fresh strict; zero skips, zero OOB; >=2 scenarios; full registers/banked/XF/FPUL/GBR/return-PC/RAM; see docs/re/eighth_coverage_batch.md"
0x8c03f0f4,ported-invocation,src/fight/next_adapters.c,446,shared C algorithms and static callers; complete invocation and device-tape replay,matrix_family: 281/281 cases match (0 skipped) - PASS; held-out and fresh replay; strict registers/XF/FPUL/GBR/return-PC/RAM/device access; see docs/re/next_coverage_batch.md
0x8c03f2e0,ported-invocation,src/fight/fifth_adapters.c,132,static original-image C control flow; complete invocation replay,"matrix_family: 64/64 development strict; 32/32 holdout strict; 96/96 fresh strict; zero skips, zero OOB; >=2 scenarios; full registers/banked/XF/FPUL/GBR/return-PC/RAM; see docs/re/eighth_coverage_batch.md"
0x8c03f3f0,ported,src/fight/fifth_adapters.c,230,capture-driven port,matrix_family: 63 cases from fifth_combined_cases corpus - PASS (body cover 88.7%); see docs/re/twelfth_coverage_batch.md
0x8c03f5b2,ported-alias,src/lib/sh4rt.c,24,byte-exact,tests/libutil_replay.c PASS
0x8C03F77E,ported-invocation,src/fight/seventh_c3_adapters.c,90,static original-image C control flow; complete invocation replay,8 distinct development cases; docs/re/seventh_coverage_batch.md
0x8c03f84a,ported-invocation,src/fight/device_adapters.c,630,shared C algorithms and static callers; complete invocation and device-tape replay,matrix_family: 574/574 cases match (0 skipped) - PASS; held-out and fresh replay; strict registers/XF/FPUL/GBR/return-PC/RAM/device access; see docs/re/next_coverage_batch.md
0x8c03fc96,ported,src/fight/seventh_c3_adapters.c,88,capture-driven port,matrix_family: 14 strict cases from fifth_leaf_holdout_v6_cases - PASS; see docs/re/tenth_coverage_batch.md
0x8C03FD02,ported-invocation,src/fight/seventh_c3_adapters.c,102,static original-image C control flow; complete invocation replay,5 distinct development cases; docs/re/seventh_coverage_batch.md
0x8c03ffd0,ported-invocation,src/fight/fifth_leaf_adapters.c,22,shared C algorithms and static callers; complete invocation and device-tape replay,matrix_family: 125/125 cases match (0 skipped) - PASS; held-out and fresh replay; strict registers/banked/XF/FPUL/GBR/return-PC/RAM/device access; see docs/re/fifth_coverage_batch.md
0x8c040016,ported-invocation,src/fight/fifth_leaf_adapters.c,94,shared C algorithms and static callers; complete invocation and device-tape replay,matrix_family: 125/125 cases match (0 skipped) - PASS; held-out and fresh replay; strict registers/banked/XF/FPUL/GBR/return-PC/RAM/device access; see docs/re/fifth_coverage_batch.md
0x8c0400c0,ported,src/fight/fight_adapters.c,2,capture-driven port,matrix_family: 4 strict cases from seventh_c15_cases - PASS; see docs/re/tenth_coverage_batch.md
0x8c0400c2,ported,src/fight/fight_adapters.c,86,capture-driven port,matrix_family: 4 cases from fight_release_cases corpus - PASS (body cover 83.7%); see docs/re/twelfth_coverage_batch.md
0x8C04013C,ported-invocation,src/fight/seventh_c11_adapters.c,20,static original-image C control flow; complete invocation replay,4 distinct development cases; docs/re/seventh_coverage_batch.md
0x8C040154,ported-invocation,src/fight/seventh_c_adapters.c,176,static original-image C control flow; complete invocation replay,8 distinct development cases; docs/re/seventh_coverage_batch.md
0x8C040222,ported-invocation,src/fight/seventh_c_adapters.c,292,static original-image C control flow; complete invocation replay,8 distinct development cases; docs/re/seventh_coverage_batch.md
0x8C040378,ported-invocation,src/fight/seventh_c5_adapters.c,62,static original-image C control flow; complete invocation replay,8 distinct development cases; docs/re/seventh_coverage_batch.md
0x8C0403C0,ported-invocation,src/fight/seventh_c_adapters.c,182,static original-image C control flow; complete invocation replay,2 distinct development cases; docs/re/seventh_coverage_batch.md
0x8c0406b8,ported,src/fight/unknown.c,250,capture-driven port,partial-cover promotion: 5 cases from fifth_combined_cases corpus - PASS (body cover 76.0%); see docs/re/fourteenth_coverage_batch.md
0x8c0409d2,ported,src/fight/vf3_motion_final_adapter.c,260,capture-driven port,matrix_final: 2 strict cases from motion_final corpus - PASS; see docs/re/eleventh_coverage_batch.md
0x8C040B7E,ported-invocation,src/fight/seventh_c_adapters.c,226,static original-image C control flow; complete invocation replay,8 distinct development cases; docs/re/seventh_coverage_batch.md
0x8c040f1e,ported,src/fight/f040f1e.c,74,oracle-verified (RAM shadow diff),f040f1e_replay 1/1 PASS (paired register+RAM case over SH-4 and AICA alias windows; allocator success path)
0x8c042e44,ported-invocation,src/fight/c788.c,0,static original-image C control flow; complete invocation replay,"matrix_family: 288/288 development strict; 512/512 holdout strict; 512/512 fresh strict; zero skips, zero OOB; >=2 scenarios; full registers/banked/XF/FPUL/GBR/return-PC/RAM; see docs/re/eighth_coverage_batch.md"
0x8c042fdc,ported,src/lib/sh4rt.c,60,byte-exact,tests/libutil_replay.c PASS
0x8c043018,ported,src/lib/sh4rt.c,74,byte-exact,tests/libutil_replay.c PASS
0x8c04363e,ported,src/fight/fifth_adapters.c,138,capture-driven port,matrix_family: 128 strict cases from fifth_combined_cases - PASS; see docs/re/tenth_coverage_batch.md
0x8c0437ae,ported-invocation,src/fight/fifth_adapters.c,100,shared C algorithms and static callers; complete invocation and device-tape replay,matrix_family: 90/90 cases match (0 skipped) - PASS; held-out and fresh replay; strict registers/banked/XF/FPUL/GBR/return-PC/RAM/device access; see docs/re/fifth_coverage_batch.md
0x8c04396e,ported-invocation,src/fight/fifth_leaf_adapters.c,76,shared C algorithms and static callers; complete invocation and device-tape replay,matrix_family: 127/127 cases match (0 skipped) - PASS; held-out and fresh replay; strict registers/banked/XF/FPUL/GBR/return-PC/RAM/device access; see docs/re/fifth_coverage_batch.md
0x8c0439c0,ported-invocation,src/fight/fifth_leaf_adapters.c,78,shared C algorithms and static callers; complete invocation and device-tape replay,matrix_family: 128/128 cases match (0 skipped) - PASS; held-out and fresh replay; strict registers/banked/XF/FPUL/GBR/return-PC/RAM/device access; see docs/re/fifth_coverage_batch.md
0x8c043a7c,ported-invocation,src/fight/next_adapters.c,66,shared C algorithms and static callers; complete invocation and device-tape replay,matrix_family: 1123/1123 cases match (0 skipped) - PASS; held-out and fresh replay; strict registers/XF/FPUL/GBR/return-PC/RAM/device access; see docs/re/next_coverage_batch.md
0x8c043bba,ported-invocation,src/fight/device_adapters.c,296,shared C algorithms and static callers; complete invocation and device-tape replay,matrix_family: 576/576 cases match (0 skipped) - PASS; held-out and fresh replay; strict registers/XF/FPUL/GBR/return-PC/RAM/device access; see docs/re/next_coverage_batch.md
0x8c043d14,ported-invocation,src/fight/device_adapters.c,266,shared C algorithms and static callers; complete invocation and device-tape replay,matrix_family: 576/576 cases match (0 skipped) - PASS; held-out and fresh replay; strict registers/XF/FPUL/GBR/return-PC/RAM/device access; see docs/re/next_coverage_batch.md
0x8c043eb8,ported-invocation,src/fight/next_adapters.c,20,shared C algorithms and static callers; complete invocation and device-tape replay,matrix_family: 797/797 cases match (0 skipped) - PASS; held-out and fresh replay; strict registers/XF/FPUL/GBR/return-PC/RAM/device access; see docs/re/next_coverage_batch.md
0x8c043ecc,ported-invocation,src/fight/next_adapters.c,14,shared C algorithms and static callers; complete invocation and device-tape replay,matrix_family: 1248/1248 cases match (0 skipped) - PASS; held-out and fresh replay; strict registers/XF/FPUL/GBR/return-PC/RAM/device access; see docs/re/next_coverage_batch.md
0x8c043ee8,ported,src/fight/eighth_adapters.c,6,capture-driven port,matrix_family: 32 strict cases from next_dev_cases - PASS; see docs/re/tenth_coverage_batch.md
0x8c0441b6,ported-invocation,src/fight/fifth_leaf_adapters.c,48,shared C algorithms and static callers; complete invocation and device-tape replay,matrix_family: 127/127 cases match (0 skipped) - PASS; held-out and fresh replay; strict registers/banked/XF/FPUL/GBR/return-PC/RAM/device access; see docs/re/fifth_coverage_batch.md
0x8C044234,ported-invocation,src/fight/seventh_c3_adapters.c,96,static original-image C control flow; complete invocation replay,1 distinct development case; docs/re/seventh_coverage_batch.md
0x8C044302,ported-invocation,src/fight/seventh_c3_adapters.c,104,static original-image C control flow; complete invocation replay,1 distinct development case; docs/re/seventh_coverage_batch.md
0x8c044a84,ported,src/fight/next_adapters.c,442,capture-driven port,matrix_family: 1 strict cases from next_dev_cases - PASS; see docs/re/tenth_coverage_batch.md
0x8c044c7c,ported-invocation,src/fight/fifth_leaf_adapters.c,68,shared C algorithms and static callers; complete invocation and device-tape replay,matrix_family: 126/126 cases match (0 skipped) - PASS; held-out and fresh replay; strict registers/banked/XF/FPUL/GBR/return-PC/RAM/device access; see docs/re/fifth_coverage_batch.md
0x8c044cc0,ported-invocation,src/fight/fifth_leaf_adapters.c,20,shared C algorithms and static callers; complete invocation and device-tape replay,matrix_family: 126/126 cases match (0 skipped) - PASS; held-out and fresh replay; strict registers/banked/XF/FPUL/GBR/return-PC/RAM/device access; see docs/re/fifth_coverage_batch.md
0x8c044cd4,ported-invocation,src/fight/motion_adapters.c,582,shared C algorithms and static callers; complete invocation replay,matrix_family: 1282/1282 cases match (0 skipped) - PASS; strict registers/XF/FPUL/GBR/return-PC/RAM; >=2 scenarios; see docs/re/motion_batch.md
0x8c045210,ported-invocation,src/fight/motion_adapters.c,292,shared C algorithms and static callers; complete invocation replay,matrix_family: 1312/1312 cases match (0 skipped) - PASS; strict registers/XF/FPUL/GBR/return-PC/RAM; >=2 scenarios; see docs/re/motion_batch.md
0x8c04550e,ported-invocation,src/fight/motion_adapters.c,148,shared C algorithms and static callers; complete invocation replay,matrix_family: 1282/1282 cases match (0 skipped) - PASS; strict registers/XF/FPUL/GBR/return-PC/RAM; >=2 scenarios; see docs/re/motion_batch.md
0x8c04568a,ported-invocation,src/fight/motion_adapters.c,350,shared C algorithms and static callers; complete invocation replay,matrix_family: 982/982 cases match (0 skipped) - PASS; strict registers/XF/FPUL/GBR/return-PC/RAM; >=2 scenarios; see docs/re/motion_batch.md
0x8c0459fc,ported-invocation,src/fight/fifth_leaf_adapters.c,54,shared C algorithms and static callers; complete invocation and device-tape replay,matrix_family: 127/127 cases match (0 skipped) - PASS; held-out and fresh replay; strict registers/banked/XF/FPUL/GBR/return-PC/RAM/device access; see docs/re/fifth_coverage_batch.md
0x8c045a5e,ported-invocation,src/fight/fifth_leaf_adapters.c,42,shared C algorithms and static callers; complete invocation and device-tape replay,matrix_family: 127/127 cases match (0 skipped) - PASS; held-out and fresh replay; strict registers/banked/XF/FPUL/GBR/return-PC/RAM/device access; see docs/re/fifth_coverage_batch.md
0x8C045BA8,ported-invocation,src/fight/seventh_c8_adapters.c,34,static original-image C control flow; complete invocation replay,1 distinct development case; docs/re/seventh_coverage_batch.md
0x8C045C00,ported-invocation,src/fight/seventh_c6_adapters.c,42,static original-image C control flow; complete invocation replay,6 distinct development cases; docs/re/seventh_coverage_batch.md
0x8C045C84,ported-invocation,src/fight/seventh_c6_adapters.c,44,static original-image C control flow; complete invocation replay,1 distinct development case; docs/re/seventh_coverage_batch.md
0x8c0460ea,ported-invocation,src/fight/device_adapters.c,150,static original-image C control flow; complete invocation replay,"matrix_family: 128/128 development strict; 50/50 holdout strict; 512/512 fresh strict; zero skips, zero OOB; >=2 scenarios; full registers/banked/XF/FPUL/GBR/return-PC/RAM; see docs/re/eighth_coverage_batch.md"
0x8c046416,ported-invocation,src/fight/motion_adapters.c,278,shared C algorithms and static callers; complete invocation replay,matrix_family: 982/982 cases match (0 skipped) - PASS; strict registers/XF/FPUL/GBR/return-PC/RAM; >=2 scenarios; see docs/re/motion_batch.md
0x8c047ce4,ported-invocation,src/fight/device_adapters.c,224,shared C algorithms and static callers; complete invocation and device-tape replay,matrix_family: 438/438 cases match (0 skipped) - PASS; held-out and fresh replay; strict registers/XF/FPUL/GBR/return-PC/RAM/device access; see docs/re/next_coverage_batch.md
0x8c048008,ported-invocation,src/fight/fifth_leaf_adapters.c,16,shared C algorithms and static callers; complete invocation and device-tape replay,matrix_family: 115/115 cases match (0 skipped) - PASS; held-out and fresh replay; strict registers/banked/XF/FPUL/GBR/return-PC/RAM/device access; see docs/re/fifth_coverage_batch.md
0x8c048284,ported-invocation,src/fight/device_adapters.c,366,shared C algorithms and static callers; complete invocation and device-tape replay,matrix_family: 473/473 cases match (0 skipped) - PASS; held-out and fresh replay; strict registers/XF/FPUL/GBR/return-PC/RAM/device access; see docs/re/next_coverage_batch.md
0x8c0483f4,ported,src/fight/phase1_adapters.c,138,oracle-verified (Phase 1 strict replay),phase1: 509/509 development; 509/509 held-out; 509/509 fresh; zero skips, zero OOB; helper closure 0x8C042E44/0x8C08D158/0x8C0C9CE6 also passes
0x8c048480,ported,src/fight/device_adapters.c,180,shared C algorithms and static callers; complete invocation and device-tape replay,matrix_family: 309/314 cases match (0 skipped) - PASS (Campaign B dev corpus); held-out 123/126 PASS; fresh 122/126 PASS; strict registers/XF/FPUL/GBR/return-PC; body cover 132/180 B (73.3%); see docs/re/campaign_b_coverage_batch.md
0x8c0486de,ported-invocation,src/fight/device_adapters.c,188,shared C algorithms and static callers; complete invocation and device-tape replay,matrix_family: 384/384 cases match (0 skipped) - PASS; held-out and fresh replay; strict registers/XF/FPUL/GBR/return-PC/RAM/device access; see docs/re/next_coverage_batch.md
0x8c04870e,ported-invocation,src/fight/fifth_leaf_adapters.c,86,shared C algorithms and static callers; complete invocation and device-tape replay,matrix_family: 128/128 cases match (0 skipped) - PASS; held-out and fresh replay; strict registers/banked/XF/FPUL/GBR/return-PC/RAM/device access; see docs/re/fifth_coverage_batch.md
0x8c04874a,ported-invocation,src/fight/fifth_leaf_adapters.c,32,shared C algorithms and static callers; complete invocation and device-tape replay,matrix_family: 128/128 cases match (0 skipped) - PASS; held-out and fresh replay; strict registers/banked/XF/FPUL/GBR/return-PC/RAM/device access; see docs/re/fifth_coverage_batch.md
0x8c0488ea,ported-invocation,src/fight/motion_adapters.c,322,shared C algorithms and static callers; complete invocation replay,matrix_family: 96/96 cases match (0 skipped) - PASS; strict registers/XF/FPUL/GBR/return-PC/RAM; >=2 scenarios; see docs/re/motion_batch.md
0x8c048caa,ported-invocation,src/fight/fifth_leaf_adapters.c,16,shared C algorithms and static callers; complete invocation and device-tape replay,matrix_family: 128/128 cases match (0 skipped) - PASS; held-out and fresh replay; strict registers/banked/XF/FPUL/GBR/return-PC/RAM/device access; see docs/re/fifth_coverage_batch.md
0x8c048d6a,ported-invocation,src/fight/motion_adapters.c,138,shared C algorithms and static callers; complete invocation replay,matrix_family: 69/69 cases match (0 skipped) - PASS; strict registers/XF/FPUL/GBR/return-PC/RAM; >=2 scenarios; see docs/re/motion_batch.md
0x8c04a1c0,ported-invocation,src/fight/motion_adapters.c,308,shared C algorithms and static callers; complete invocation replay,matrix_family: 268/268 cases match (0 skipped) - PASS; strict registers/XF/FPUL/GBR/return-PC/RAM; >=2 scenarios; see docs/re/motion_batch.md
0x8c04a6dc,ported-invocation,src/fight/motion_adapters.c,1984,shared C algorithms and static callers; complete invocation replay,matrix_family: 838/838 cases match (0 skipped) - PASS; strict registers/XF/FPUL/GBR/return-PC/RAM; >=2 scenarios; see docs/re/motion_batch.md
0x8c04af14,ported-invocation,src/fight/motion_adapters.c,602,shared C algorithms and static callers; complete invocation replay,matrix_family: 835/835 cases match (0 skipped) - PASS; strict registers/XF/FPUL/GBR/return-PC/RAM; >=2 scenarios; see docs/re/motion_batch.md
0x8c04bd2a,ported-invocation,src/fight/fifth_leaf_adapters.c,52,shared C algorithms and static callers; complete invocation and device-tape replay,matrix_family: 128/128 cases match (0 skipped) - PASS; held-out and fresh replay; strict registers/banked/XF/FPUL/GBR/return-PC/RAM/device access; see docs/re/fifth_coverage_batch.md
0x8c04bd7a,ported-invocation,src/fight/motion_adapters.c,142,shared C algorithms and static callers; complete invocation replay,matrix_family: 982/982 cases match (0 skipped) - PASS; strict registers/XF/FPUL/GBR/return-PC/RAM; >=2 scenarios; see docs/re/motion_batch.md
0x8c04bf3c,ported,src/fight/unknown.c,172,capture-driven port,partial-cover promotion: 30 cases from fifth_combined_cases corpus - PASS (body cover 33.7%); see docs/re/fourteenth_coverage_batch.md
0x8C04C5A0,ported-invocation,src/fight/seventh_c14_adapters.c,4,static original-image C control flow; complete invocation replay,10 distinct development cases; docs/re/seventh_coverage_batch.md
0x8c04c768,ported,src/fight/next_adapters.c,408,capture-driven port,matrix_family: 1 cases from next_dev_cases corpus - PASS (body cover 83.8%); see docs/re/twelfth_coverage_batch.md
0x8c04e412,ported,src/fight/vf3_motion_unowned_extra_adapter.c,140,capture-driven port,motion_unowned_extra: 1 cases from motion_final corpus - PASS; see docs/re/thirteenth_coverage_batch.md
0x8c04f056,ported,src/fight/vf3_motion_final_adapter.c,136,capture-driven port,matrix_final: 3 strict cases from motion_final corpus - PASS; see docs/re/eleventh_coverage_batch.md
0x8c04f99a,ported,src/fight/vf3_motion_unowned_extra_adapter.c,134,capture-driven port,motion_unowned_extra: 3 cases from motion_final corpus - PASS; see docs/re/thirteenth_coverage_batch.md
0x8c051f8e,ported-invocation,src/fight/eighth_adapters.c,478,static original-image C control flow; complete invocation replay,"matrix_family: 84/84 development strict; 28/28 holdout strict; 28/28 fresh strict; zero skips, zero OOB; >=2 scenarios; full registers/banked/XF/FPUL/GBR/return-PC/RAM; see docs/re/eighth_coverage_batch.md"
0X8C051F8E,ported-invocation,src/fight/eighth_adapters.c,478,static original-image C control flow; complete invocation replay,"matrix_family: 84/84 development strict; 28/28 holdout strict; 28/28 fresh strict; zero skips, zero OOB; >=2 scenarios; full registers/banked/XF/FPUL/GBR/return-PC/RAM; see docs/re/eighth_coverage_batch.md"
0x8c052200,ported,src/fight/fifth_adapters.c,112,capture-driven port,matrix_family: 168 strict cases from fifth_combined_cases - PASS; see docs/re/tenth_coverage_batch.md
0x8c053460,ported,src/fight/unknown.c,680,capture-driven port,partial-cover promotion: 1 cases from next_dev_cases corpus - PASS (body cover 19.7%); see docs/re/fourteenth_coverage_batch.md
0X8C0537A0,ported-invocation,src/fight/eighth_adapters.c,380,static original-image C control flow; complete invocation replay,"matrix_family: 17/17 development strict; 15/15 holdout strict; 24/24 fresh strict; zero skips, zero OOB; >=2 scenarios; full registers/banked/XF/FPUL/GBR/return-PC/RAM; see docs/re/eighth_coverage_batch.md"
0x8c053cac,ported-invocation,src/fight/fifth_leaf_adapters.c,56,shared C algorithms and static callers; complete invocation and device-tape replay,matrix_family: 128/128 cases match (0 skipped) - PASS; held-out and fresh replay; strict registers/banked/XF/FPUL/GBR/return-PC/RAM/device access; see docs/re/fifth_coverage_batch.md
0x8C053CEC,ported-invocation,src/fight/seventh_c4_adapters.c,68,static original-image C control flow; complete invocation replay,8 distinct development cases; docs/re/seventh_coverage_batch.md
0x8C054524,ported-invocation,src/fight/seventh_c12_adapters.c,10,static original-image C control flow; complete invocation replay,9 distinct development cases; docs/re/seventh_coverage_batch.md
0x8c055666,ported-invocation,src/fight/fifth_adapters.c,110,shared C algorithms and static callers; complete invocation and device-tape replay,matrix_family: 1213/1213 cases match (0 skipped) - PASS; held-out and fresh replay; strict registers/banked/XF/FPUL/GBR/return-PC/RAM/device access; see docs/re/fifth_coverage_batch.md
0x8c0556da,ported-invocation,src/fight/fifth_adapters.c,194,shared C algorithms and static callers; complete invocation and device-tape replay,matrix_family: 1205/1205 cases match (0 skipped) - PASS; held-out and fresh replay; strict registers/banked/XF/FPUL/GBR/return-PC/RAM/device access; see docs/re/fifth_coverage_batch.md
0x8c0558da,ported,src/fight/vf3_fifth_leaf_unowned_adapter.c,30,capture-driven port,fifth_leaf_unowned: 90 strict cases from fifth_leaf_holdout_v6_cases corpus - PASS; see docs/re/eleventh_coverage_batch.md
0x8c0558f8,ported-invocation,src/fight/fifth_adapters.c,146,shared C algorithms and static callers; complete invocation and device-tape replay,matrix_family: 272/272 cases match (0 skipped) - PASS; held-out and fresh replay; strict registers/banked/XF/FPUL/GBR/return-PC/RAM/device access; see docs/re/fifth_coverage_batch.md
0x8c055bfc,ported-invocation,src/fight/fifth_adapters.c,98,shared C algorithms and static callers; complete invocation and device-tape replay,matrix_family: 1206/1206 cases match (0 skipped) - PASS; held-out and fresh replay; strict registers/banked/XF/FPUL/GBR/return-PC/RAM/device access; see docs/re/fifth_coverage_batch.md
0x8c055d00,ported-invocation,src/fight/fight_adapters.c,14,shared C algorithms and static callers; complete invocation replay,matrix_family: 473/473 cases match (0 skipped) - PASS; strict registers/XF/FPUL/GBR/return-PC/RAM; >=2 scenarios; see docs/re/fight_batch.md
0x8c055d40,ported-invocation,src/fight/next_adapters.c,122,shared C algorithms and static callers; complete invocation and device-tape replay,matrix_family: 843/843 cases match (0 skipped) - PASS; held-out and fresh replay; strict registers/XF/FPUL/GBR/return-PC/RAM/device access; see docs/re/next_coverage_batch.md
0x8c056340,ported-invocation,src/fight/fifth_leaf_adapters.c,18,shared C algorithms and static callers; complete invocation and device-tape replay,matrix_family: 128/128 cases match (0 skipped) - PASS; held-out and fresh replay; strict registers/banked/XF/FPUL/GBR/return-PC/RAM/device access; see docs/re/fifth_coverage_batch.md
0x8c056522,ported-invocation,src/fight/device_adapters.c,426,static original-image C control flow; complete invocation replay,"matrix_family: 64/64 development strict; 64/64 holdout strict; 64/64 fresh strict; zero skips, zero OOB; >=2 scenarios; full registers/banked/XF/FPUL/GBR/return-PC/RAM; see docs/re/eighth_coverage_batch.md"
0X8C056522,ported-invocation,src/fight/eighth_adapters.c,426,static original-image C control flow; complete invocation replay,"matrix_family: 64/64 development strict; 64/64 holdout strict; 64/64 fresh strict; zero skips, zero OOB; >=2 scenarios; full registers/banked/XF/FPUL/GBR/return-PC/RAM; see docs/re/eighth_coverage_batch.md"
0x8c056720,ported,src/fight/vf3_fifth_leaf_unowned_adapter.c,46,capture-driven port,fifth_leaf_unowned: 64 strict cases from fifth_leaf_holdout_v6_cases corpus - PASS; see docs/re/eleventh_coverage_batch.md
0x8c056760,ported,src/fight/vf3_fifth_leaf_unowned_adapter.c,50,capture-driven port,fifth_leaf_unowned: 64 strict cases from fifth_leaf_holdout_v6_cases corpus - PASS; see docs/re/eleventh_coverage_batch.md
0x8c0567a0,ported,src/fight/vf3_fifth_leaf_unowned_adapter.c,50,capture-driven port,fifth_leaf_unowned: 64 strict cases from fifth_leaf_holdout_v6_cases corpus - PASS; see docs/re/eleventh_coverage_batch.md
0x8c0568a2,ported-invocation,src/fight/fifth_adapters.c,430,shared C algorithms and static callers; complete invocation and device-tape replay,matrix_family: 1004/1004 cases match (0 skipped) - PASS; held-out and fresh replay; strict registers/banked/XF/FPUL/GBR/return-PC/RAM/device access; see docs/re/fifth_coverage_batch.md
0X8C056CE2,ported-invocation,src/fight/eighth_adapters.c,426,static original-image C control flow; complete invocation replay,"matrix_family: 59/59 development strict; 59/59 holdout strict; 59/59 fresh strict; zero skips, zero OOB; >=2 scenarios; full registers/banked/XF/FPUL/GBR/return-PC/RAM; see docs/re/eighth_coverage_batch.md"
0x8c056ee0,ported,src/fight/device_adapters.c,46,capture-driven port,matrix_family: 64 strict cases from fifth_leaf_holdout_v6_cases - PASS; see docs/re/tenth_coverage_batch.md
0x8c056f20,ported,src/fight/device_adapters.c,50,capture-driven port,matrix_family: 64 strict cases from fifth_leaf_holdout_v6_cases - PASS; see docs/re/tenth_coverage_batch.md
0x8c056f60,ported,src/fight/device_adapters.c,50,capture-driven port,matrix_family: 64 strict cases from fifth_leaf_holdout_v6_cases - PASS; see docs/re/tenth_coverage_batch.md
0x8c05b20e,parked-partial-replay,extract/analysis/phase3_final_regenerated.c,1322,not ported (Phase 3 synthetic-entry campaign),phase3: after adding opcode substitution to the entry patch (vf3OracleTakeSubstitute) the campaign is clean - 24/24 corpora pass strict replay - but covers 594/1322 body bytes (44.9%, tools/body_cover.py) over 72 cases; the superseded 98.3% corpus (extract/analysis/phase3_all_cases) is excluded because its fixture let the trigger instruction execute and contaminated every exit state. Generated adapter has 704 guest statements and 0 unsupported instructions but 9 of the 11 uncovered bytes need a live game object pointer (mov.l @(24,r4),r7 at 0x8c05b63c compared against 0x28000000 at 0x8c05b66e), which no register/RAM seed can fabricate; no coverage credit
0x8c05f976,ported,src/fight/next_adapters.c,516,capture-driven port,matrix_family: 2 strict cases from next_dev_cases - PASS; see docs/re/tenth_coverage_batch.md
0x8c0601d0,ported,src/fight/unknown.c,774,capture-driven port,partial-cover promotion: 1 cases from next_dev_cases corpus - PASS (body cover 61.2%); see docs/re/fourteenth_coverage_batch.md
0x8c06159c,ported-invocation,src/fight/next_adapters.c,128,shared C algorithms and static callers; complete invocation and device-tape replay,matrix_family: 70/70 cases match (0 skipped) - PASS; held-out and fresh replay; strict registers/XF/FPUL/GBR/return-PC/RAM/device access; see docs/re/next_coverage_batch.md
0x8C0626C0,ported-invocation,src/fight/seventh_c_adapters.c,442,static original-image C control flow; complete invocation replay,8 distinct development cases; docs/re/seventh_coverage_batch.md
0x8c063b0c,ported-invocation,src/fight/device_adapters.c,358,shared C algorithms and static callers; complete invocation and device-tape replay,matrix_family: 523/523 cases match (0 skipped) - PASS; held-out and fresh replay; strict registers/XF/FPUL/GBR/return-PC/RAM/device access; see docs/re/next_coverage_batch.md
0x8C066DC4,ported-invocation,src/fight/seventh_c5_adapters.c,62,static original-image C control flow; complete invocation replay,8 distinct development cases; docs/re/seventh_coverage_batch.md
0x8c066e02,ported-invocation,src/fight/next_adapters.c,342,shared C algorithms and static callers; complete invocation and device-tape replay,matrix_family: 224/224 cases match (0 skipped) - PASS; held-out and fresh replay; strict registers/XF/FPUL/GBR/return-PC/RAM/device access; see docs/re/next_coverage_batch.md
0x8C066F88,ported-invocation,src/fight/seventh_c6_adapters.c,46,static original-image C control flow; complete invocation replay,4 distinct development cases; docs/re/seventh_coverage_batch.md
0x8C066FD8,ported-invocation,src/fight/seventh_c12_adapters.c,14,static original-image C control flow; complete invocation replay,6 distinct development cases; docs/re/seventh_coverage_batch.md
0x8c066fe6,ported-invocation,src/fight/next_adapters.c,120,shared C algorithms and static callers; complete invocation and device-tape replay,matrix_family: 330/330 cases match (0 skipped) - PASS; held-out and fresh replay; strict registers/XF/FPUL/GBR/return-PC/RAM/device access; see docs/re/next_coverage_batch.md
0x8c06705e,ported-invocation,src/fight/motion_adapters.c,16,static original-image C control flow; complete invocation replay,"matrix_family: 64/64 development strict; 128/128 holdout strict; 84/84 fresh strict; zero skips, zero OOB; >=2 scenarios; full registers/banked/XF/FPUL/GBR/return-PC/RAM; see docs/re/eighth_coverage_batch.md"
0x8c06706e,ported-invocation,src/fight/next_adapters.c,296,shared C algorithms and static callers; complete invocation and device-tape replay,matrix_family: 329/329 cases match (0 skipped) - PASS; held-out and fresh replay; strict registers/XF/FPUL/GBR/return-PC/RAM/device access; see docs/re/next_coverage_batch.md
0x8C0671AA,ported-invocation,src/fight/seventh_c14_adapters.c,4,static original-image C control flow; complete invocation replay,2 distinct development cases; docs/re/seventh_coverage_batch.md
0x8c0671d8,ported,src/fight/motion_adapters.c,2,capture-driven port,matrix_family: 7 strict cases from seventh_c16_cases - PASS; see docs/re/tenth_coverage_batch.md
0x8c0671da,ported-invocation,src/fight/next_adapters.c,202,shared C algorithms and static callers; complete invocation and device-tape replay,matrix_family: 227/227 cases match (0 skipped) - PASS; held-out and fresh replay; strict registers/XF/FPUL/GBR/return-PC/RAM/device access; see docs/re/next_coverage_batch.md
0x8C0672C0,ported-invocation,src/fight/seventh_c14_adapters.c,4,static original-image C control flow; complete invocation replay,7 distinct development cases; docs/re/seventh_coverage_batch.md
0x8c0672c4,ported-invocation,src/fight/next_adapters.c,136,shared C algorithms and static callers; complete invocation and device-tape replay,matrix_family: 227/227 cases match (0 skipped) - PASS; held-out and fresh replay; strict registers/XF/FPUL/GBR/return-PC/RAM/device access; see docs/re/next_coverage_batch.md
0x8C06734C,ported-invocation,src/fight/seventh_c14_adapters.c,4,static original-image C control flow; complete invocation replay,4 distinct development cases; docs/re/seventh_coverage_batch.md
0x8C067350,ported-invocation,src/fight/seventh_c11_adapters.c,24,static original-image C control flow; complete invocation replay,4 distinct development cases; docs/re/seventh_coverage_batch.md
0x8c0673a8,ported-invocation,src/fight/next_adapters.c,3796,shared C algorithms and static callers; complete invocation and device-tape replay,matrix_family: 228/228 cases match (0 skipped) - PASS; held-out and fresh replay; strict registers/XF/FPUL/GBR/return-PC/RAM/device access; see docs/re/next_coverage_batch.md
0x8c068642,ported-invocation,src/fight/next_adapters.c,1388,shared C algorithms and static callers; complete invocation and device-tape replay,matrix_family: 229/229 cases match (0 skipped) - PASS; held-out and fresh replay; strict registers/XF/FPUL/GBR/return-PC/RAM/device access; see docs/re/next_coverage_batch.md
0x8c068e16,ported-piecewise,src/fight/scalemap.c,352,oracle-verified (RAM shadow diff),vf3scalemap 32/32 PASS
0x8c068f92,ported,src/fight/orient2.c,54,oracle-verified,tests/orient2_replay.c 64/64 golden PASS
0x8c068fe4,ported,src/fight/mesh_node.c,332,oracle-verified (RAM shadow diff),tests/mesh_node_replay.c 64/64 paired register+RAM cases PASS
0x8c068ff6,ported,src/fight/poly_classify.c,288,oracle-verified,tests/poly_classify_replay.c 16/16 RAM cases PASS
0x8c06912a,ported-invocation,src/fight/fight_helpers.c,350,shared C algorithms and static callers; complete invocation replay,matrix_family: 383/383 cases match (0 skipped) - PASS; strict registers/XF/FPUL/GBR/return-PC/RAM; >=2 scenarios; see docs/re/fight_batch.md
0x8c06939e,ported-invocation,src/fight/matrix_adapters.c,354,static C caller plus shared matrix/vector algorithms; complete invocation replay,matrix_family: 190/190 cases match (0 skipped) - PASS; strict full registers/XF/FPUL/GBR/return-PC/RAM; see docs/re/matrix_batch.md
0x8c06951a,ported,src/fight/maplookup.c,228,oracle-verified (RAM shadow diff),maplookup_replay 64/64 PASS (paired register+RAM; selector-12 nearest map lookup; ctx-zero and selector-11 dynamic helper paths gated)
0x8c0696c6,ported-invocation,src/fight/fifth_leaf_adapters.c,32,shared C algorithms and static callers; complete invocation and device-tape replay,matrix_family: 128/128 cases match (0 skipped) - PASS; held-out and fresh replay; strict registers/banked/XF/FPUL/GBR/return-PC/RAM/device access; see docs/re/fifth_coverage_batch.md
0x8c069734,ported-invocation,src/fight/motion_adapters.c,248,shared C algorithms and static callers; complete invocation replay,matrix_family: 262/262 cases match (0 skipped) - PASS; strict registers/XF/FPUL/GBR/return-PC/RAM; >=2 scenarios; see docs/re/motion_batch.md
0x8c06b578,ported,src/fight/vf3_motion_final_adapter.c,314,capture-driven port,matrix_final: 1 strict cases from motion_final corpus - PASS; see docs/re/eleventh_coverage_batch.md
0x8c06b6f0,ported-invocation,src/fight/motion_adapters.c,322,shared C algorithms and static callers; complete invocation replay,matrix_family: 262/262 cases match (0 skipped) - PASS; strict registers/XF/FPUL/GBR/return-PC/RAM; >=2 scenarios; see docs/re/motion_batch.md
0x8c06bf08,ported-invocation,src/fight/fifth_leaf_adapters.c,76,shared C algorithms and static callers; complete invocation and device-tape replay,matrix_family: 128/128 cases match (0 skipped) - PASS; held-out and fresh replay; strict registers/banked/XF/FPUL/GBR/return-PC/RAM/device access; see docs/re/fifth_coverage_batch.md
0x8c06bf66,ported-invocation,src/fight/fight_adapters.c,228,shared C algorithms and static callers; complete invocation replay,matrix_family: 400/400 cases match (0 skipped) - PASS; strict registers/XF/FPUL/GBR/return-PC/RAM; >=2 scenarios; see docs/re/fight_batch.md
0x8c06c21e,ported-invocation,src/fight/motion_adapters.c,272,shared C algorithms and static callers; complete invocation replay,matrix_family: 257/257 cases match (0 skipped) - PASS; strict registers/XF/FPUL/GBR/return-PC/RAM; >=2 scenarios; see docs/re/motion_batch.md
0x8c06c3d4,ported-invocation,src/fight/fifth_leaf_adapters.c,50,shared C algorithms and static callers; complete invocation and device-tape replay,matrix_family: 128/128 cases match (0 skipped) - PASS; held-out and fresh replay; strict registers/banked/XF/FPUL/GBR/return-PC/RAM/device access; see docs/re/fifth_coverage_batch.md
0x8c06c42a,ported-invocation,src/fight/fifth_leaf_adapters.c,80,shared C algorithms and static callers; complete invocation and device-tape replay,matrix_family: 128/128 cases match (0 skipped) - PASS; held-out and fresh replay; strict registers/banked/XF/FPUL/GBR/return-PC/RAM/device access; see docs/re/fifth_coverage_batch.md
0x8c06cf30,ported,src/fight/vf3_motion_final_adapter.c,136,capture-driven port,matrix_final: 1 strict cases from motion_final corpus - PASS; see docs/re/eleventh_coverage_batch.md
0x8c06cfd0,ported-invocation,src/fight/next_adapters.c,844,shared C algorithms and static callers; complete invocation and device-tape replay,matrix_family: 113/113 cases match (0 skipped) - PASS; held-out and fresh replay; strict registers/XF/FPUL/GBR/return-PC/RAM/device access; see docs/re/next_coverage_batch.md
0x8c06d46c,ported-invocation,src/fight/device_adapters.c,378,shared C algorithms and static callers; complete invocation and device-tape replay,matrix_family: 65/65 cases match (0 skipped) - PASS; held-out and fresh replay; strict registers/XF/FPUL/GBR/return-PC/RAM/device access; see docs/re/next_coverage_batch.md
0x8c06d772,ported-invocation,src/fight/fifth_leaf_adapters.c,32,shared C algorithms and static callers; complete invocation and device-tape replay,matrix_family: 128/128 cases match (0 skipped) - PASS; held-out and fresh replay; strict registers/banked/XF/FPUL/GBR/return-PC/RAM/device access; see docs/re/fifth_coverage_batch.md
0x8c06d9e0,ported,src/fight/vf3_motion_final_adapter.c,156,capture-driven port,matrix_final: 2 strict cases from motion_final corpus - PASS; see docs/re/eleventh_coverage_batch.md
0x8c06dece,ported-invocation,src/fight/motion_adapters.c,192,shared C algorithms and static callers; complete invocation replay,matrix_family: 222/222 cases match (0 skipped) - PASS; strict registers/XF/FPUL/GBR/return-PC/RAM; >=2 scenarios; see docs/re/motion_batch.md
0x8c06e056,ported,src/fight/vf3_fifth_leaf_unowned_adapter.c,16,capture-driven port,fifth_leaf_unowned: 1 strict cases from fifth_leaf_holdout_v6_cases corpus - PASS; see docs/re/eleventh_coverage_batch.md
0x8c06e338,ported-invocation,src/fight/matrix_adapters.c,458,static C caller plus shared matrix/vector algorithms; complete invocation replay,matrix_family: 192/192 cases match (0 skipped) - PASS; strict full registers/XF/FPUL/GBR/return-PC/RAM; see docs/re/matrix_batch.md
0x8c06e536,ported-invocation,src/fight/motion_adapters.c,840,shared C algorithms and static callers; complete invocation replay,matrix_family: 116/116 cases match (0 skipped) - PASS; strict registers/XF/FPUL/GBR/return-PC/RAM; >=2 scenarios; see docs/re/motion_batch.md
0x8c06e8cc,ported-invocation,src/fight/fight_adapters.c,424,shared C algorithms and static callers; complete invocation replay,matrix_family: 64/64 cases match (0 skipped) - PASS; strict registers/XF/FPUL/GBR/return-PC/RAM; >=2 scenarios; see docs/re/fight_batch.md
0x8c06eabc,ported-invocation,src/fight/motion_adapters.c,170,shared C algorithms and static callers; complete invocation replay,matrix_family: 264/264 cases match (0 skipped) - PASS; strict registers/XF/FPUL/GBR/return-PC/RAM; >=2 scenarios; see docs/re/motion_batch.md
0x8c06ef4a,ported,src/fight/fifth_adapters.c,238,capture-driven port,matrix_family: 33 cases from motion_release_cases corpus - PASS (body cover 90.8%); see docs/re/twelfth_coverage_batch.md
0x8c06f07a,ported-invocation,src/fight/matrix_adapters.c,784,static C caller plus shared matrix/vector algorithms; complete invocation replay,matrix_family: 4/4 cases match (0 skipped) - PASS; strict full registers/XF/FPUL/GBR/return-PC/RAM; see docs/re/matrix_batch.md
0x8c06f3c2,ported-invocation,src/fight/next_adapters.c,142,shared C algorithms and static callers; complete invocation and device-tape replay,matrix_family: 355/355 cases match (0 skipped) - PASS; held-out and fresh replay; strict registers/XF/FPUL/GBR/return-PC/RAM/device access; see docs/re/next_coverage_batch.md
0x8c06f46a,ported-invocation,src/fight/matrix_adapters.c,466,static C caller plus shared matrix/vector algorithms; complete invocation replay,matrix_family: 176/176 cases match (0 skipped) - PASS; strict full registers/XF/FPUL/GBR/return-PC/RAM; see docs/re/matrix_batch.md
0x8C06F6F8,ported-invocation,src/fight/seventh_adapters.c,88,static original-image C control flow; complete invocation replay,24 distinct development cases; docs/re/seventh_coverage_batch.md
0x8C06F75A,ported-invocation,src/fight/seventh_c8_adapters.c,34,static original-image C control flow; complete invocation replay,4 distinct development cases; docs/re/seventh_coverage_batch.md
0x8C06F77C,ported-invocation,src/fight/seventh_c5_adapters.c,62,static original-image C control flow; complete invocation replay,4 distinct development cases; docs/re/seventh_coverage_batch.md
0x8C06F7BA,ported-invocation,src/fight/seventh_c10_adapters.c,30,static original-image C control flow; complete invocation replay,4 distinct development cases; docs/re/seventh_coverage_batch.md
0x8C06F7D8,ported-invocation,src/fight/seventh_c5_adapters.c,60,static original-image C control flow; complete invocation replay,4 distinct development cases; docs/re/seventh_coverage_batch.md
0x8C06F814,ported-invocation,src/fight/seventh_c3_adapters.c,92,static original-image C control flow; complete invocation replay,4 distinct development cases; docs/re/seventh_coverage_batch.md
0x8C06F870,ported-invocation,src/fight/seventh_c8_adapters.c,34,static original-image C control flow; complete invocation replay,4 distinct development cases; docs/re/seventh_coverage_batch.md
0x8C06F892,ported-invocation,src/fight/seventh_c7_adapters.c,38,static original-image C control flow; complete invocation replay,4 distinct development cases; docs/re/seventh_coverage_batch.md
0x8C06F8B8,ported-invocation,src/fight/seventh_c6_adapters.c,40,static original-image C control flow; complete invocation replay,4 distinct development cases; docs/re/seventh_coverage_batch.md
0x8C06F8E0,ported-invocation,src/fight/seventh_c7_adapters.c,38,static original-image C control flow; complete invocation replay,4 distinct development cases; docs/re/seventh_coverage_batch.md
0x8C06F906,ported-invocation,src/fight/seventh_c8_adapters.c,34,static original-image C control flow; complete invocation replay,4 distinct development cases; docs/re/seventh_coverage_batch.md
0x8c06f928,ported-invocation,src/fight/matrix_adapters.c,106,static C caller plus shared matrix/vector algorithms; complete invocation replay,matrix_family: 20/20 cases match (0 skipped) - PASS; strict full registers/XF/FPUL/GBR/return-PC/RAM; see docs/re/matrix_batch.md
0X8C06F9AC,ported-invocation,src/fight/eighth_adapters.c,410,static original-image C control flow; complete invocation replay,"matrix_family: 36/36 development strict; 36/36 holdout strict; 36/36 fresh strict; zero skips, zero OOB; >=2 scenarios; full registers/banked/XF/FPUL/GBR/return-PC/RAM; see docs/re/eighth_coverage_batch.md"
0x8c070022,ported-invocation,src/fight/matrix_adapters.c,204,static C caller plus shared matrix/vector algorithms; complete invocation replay,matrix_family: 187/187 cases match (0 skipped) - PASS; strict full registers/XF/FPUL/GBR/return-PC/RAM; see docs/re/matrix_batch.md
0x8c070120,ported,src/fight/fvecnorm070120.c,206,oracle-verified (paired boundary replay),tests/fvecnorm070120_replay.c PASS 128/128 chronological register+RAM cases through transfers at 0x18E/0x1BE and fragment boundary 0x1EE; unobserved 0x1C8 path rejected
0x8c0701fe,ported-invocation,src/fight/fifth_leaf_adapters.c,30,shared C algorithms and static callers; complete invocation and device-tape replay,matrix_family: 78/78 cases match (0 skipped) - PASS; held-out and fresh replay; strict registers/banked/XF/FPUL/GBR/return-PC/RAM/device access; see docs/re/fifth_coverage_batch.md
0x8C07021C,ported-invocation,src/fight/seventh_c12_adapters.c,10,static original-image C control flow; complete invocation replay,4 distinct development cases; docs/re/seventh_coverage_batch.md
0x8c070252,ported-invocation,src/fight/fifth_leaf_adapters.c,38,shared C algorithms and static callers; complete invocation and device-tape replay,matrix_family: 116/116 cases match (0 skipped) - PASS; held-out and fresh replay; strict registers/banked/XF/FPUL/GBR/return-PC/RAM/device access; see docs/re/fifth_coverage_batch.md
0x8c070278,ported-invocation,src/fight/fifth_leaf_adapters.c,46,shared C algorithms and static callers; complete invocation and device-tape replay,matrix_family: 116/116 cases match (0 skipped) - PASS; held-out and fresh replay; strict registers/banked/XF/FPUL/GBR/return-PC/RAM/device access; see docs/re/fifth_coverage_batch.md
0x8c0702a6,ported-invocation,src/fight/fifth_leaf_adapters.c,32,shared C algorithms and static callers; complete invocation and device-tape replay,matrix_family: 116/116 cases match (0 skipped) - PASS; held-out and fresh replay; strict registers/banked/XF/FPUL/GBR/return-PC/RAM/device access; see docs/re/fifth_coverage_batch.md
0x8c0702c6,ported-invocation,src/fight/fifth_leaf_adapters.c,34,shared C algorithms and static callers; complete invocation and device-tape replay,matrix_family: 116/116 cases match (0 skipped) - PASS; held-out and fresh replay; strict registers/banked/XF/FPUL/GBR/return-PC/RAM/device access; see docs/re/fifth_coverage_batch.md
0x8c0702e8,ported-invocation,src/fight/fifth_leaf_adapters.c,36,shared C algorithms and static callers; complete invocation and device-tape replay,matrix_family: 116/116 cases match (0 skipped) - PASS; held-out and fresh replay; strict registers/banked/XF/FPUL/GBR/return-PC/RAM/device access; see docs/re/fifth_coverage_batch.md
0x8c07030c,ported,src/fight/fvecnorm07030c.c,208,oracle-verified (paired boundary replay),tests/fvecnorm07030c_replay.c PASS 128/128 chronological register+RAM cases across 0x37C/0x3AE/0x3F4; unknown FSRRA norm inputs reject
0x8C0703F2,ported-invocation,src/fight/seventh_c13_adapters.c,8,static original-image C control flow; complete invocation replay,4 distinct development cases; docs/re/seventh_coverage_batch.md
0x8c07042a,ported-invocation,src/fight/fifth_leaf_adapters.c,38,shared C algorithms and static callers; complete invocation and device-tape replay,matrix_family: 126/126 cases match (0 skipped) - PASS; held-out and fresh replay; strict registers/banked/XF/FPUL/GBR/return-PC/RAM/device access; see docs/re/fifth_coverage_batch.md
0x8c070450,ported-invocation,src/fight/fifth_leaf_adapters.c,42,shared C algorithms and static callers; complete invocation and device-tape replay,matrix_family: 126/126 cases match (0 skipped) - PASS; held-out and fresh replay; strict registers/banked/XF/FPUL/GBR/return-PC/RAM/device access; see docs/re/fifth_coverage_batch.md
0x8c07047a,ported-invocation,src/fight/fifth_leaf_adapters.c,32,shared C algorithms and static callers; complete invocation and device-tape replay,matrix_family: 126/126 cases match (0 skipped) - PASS; held-out and fresh replay; strict registers/banked/XF/FPUL/GBR/return-PC/RAM/device access; see docs/re/fifth_coverage_batch.md
0x8c07049a,ported-invocation,src/fight/fifth_leaf_adapters.c,34,shared C algorithms and static callers; complete invocation and device-tape replay,matrix_family: 126/126 cases match (0 skipped) - PASS; held-out and fresh replay; strict registers/banked/XF/FPUL/GBR/return-PC/RAM/device access; see docs/re/fifth_coverage_batch.md
0x8c0704bc,ported-invocation,src/fight/fifth_leaf_adapters.c,52,shared C algorithms and static callers; complete invocation and device-tape replay,matrix_family: 124/124 cases match (0 skipped) - PASS; held-out and fresh replay; strict registers/banked/XF/FPUL/GBR/return-PC/RAM/device access; see docs/re/fifth_coverage_batch.md
0x8c0704f4,ported-invocation,src/fight/matrix_adapters.c,204,static C caller plus shared matrix/vector algorithms; complete invocation replay,matrix_family: 128/128 cases match (0 skipped) - PASS; strict full registers/XF/FPUL/GBR/return-PC/RAM; see docs/re/matrix_batch.md
0x8c07060a,ported,src/fight/vf3_fifth_leaf_unowned_adapter.c,38,capture-driven port,fifth_leaf_unowned: 91 strict cases from fifth_leaf_fresh_v6_cases corpus - PASS; see docs/re/eleventh_coverage_batch.md
0x8c070630,ported,src/fight/vf3_fifth_leaf_unowned_adapter.c,46,capture-driven port,fifth_leaf_unowned: 91 strict cases from fifth_leaf_fresh_v6_cases corpus - PASS; see docs/re/eleventh_coverage_batch.md
0x8c07065e,ported,src/fight/vf3_fifth_leaf_unowned_adapter.c,32,capture-driven port,fifth_leaf_unowned: 91 strict cases from fifth_leaf_fresh_v6_cases corpus - PASS; see docs/re/eleventh_coverage_batch.md
0x8c07067e,ported,src/fight/vf3_fifth_leaf_unowned_adapter.c,34,capture-driven port,fifth_leaf_unowned: 91 strict cases from fifth_leaf_fresh_v6_cases corpus - PASS; see docs/re/eleventh_coverage_batch.md
0x8c0706a0,ported,src/fight/vf3_fifth_leaf_unowned_adapter.c,36,capture-driven port,fifth_leaf_unowned: 64 strict cases from fifth_leaf_fresh_v6_cases corpus - PASS; see docs/re/eleventh_coverage_batch.md
0x8c0706c4,ported,src/fight/fvecmix0706c4.c,208,oracle-verified (paired boundary replay),tests/fvecmix0706c4_replay.c PASS 2128/2128 register+RAM cases across 0x734/0x766/0x774/0x7AE first-transfer boundaries; unobserved branch and FSRRA keys reject
0x8c0707e2,ported,src/fight/vf3_fifth_leaf_unowned_adapter.c,38,capture-driven port,fifth_leaf_unowned: 95 strict cases from fifth_leaf_fresh_v6_cases corpus - PASS; see docs/re/eleventh_coverage_batch.md
0x8c070808,ported,src/fight/vf3_fifth_leaf_unowned_adapter.c,42,capture-driven port,fifth_leaf_unowned: 95 strict cases from fifth_leaf_fresh_v6_cases corpus - PASS; see docs/re/eleventh_coverage_batch.md
0x8c070832,ported,src/fight/fvecmix070832.c,32,oracle-verified (paired fragment-boundary replay),tests/fvecmix070832_replay.c PASS 64/64 register+RAM cases at 0x8C070852; models the FR0 spill, two completed predecrement stores, and FPSCR.RM=1 FADD
0x8c070852,ported,src/fight/fvecmix070852.c,34,oracle-verified (paired fragment-boundary replay),tests/fvecmix070852_replay.c PASS 64/64 register+RAM cases at exact fragment end 0x8C070874; FR0 spill aliases the first vector lane and FADD uses FPSCR.RM=1
0x8c070874,ported,src/fight/vf3_fifth_leaf_unowned_adapter.c,56,capture-driven port,matrix_family: 64 cases from fifth_leaf_fresh_v6_cases corpus - PASS (body cover 89.3%); see docs/re/twelfth_coverage_batch.md
0x8c0708b0,ported,src/fight/fvecnorm070x.c,208,oracle-verified (paired boundary replay),tests/fvecnorm070x_replay.c PASS 64/64 chronological register+RAM cases across routes 0x920/0x952/0x960/0x99A; finite FSRRA catalog rejects unknown inputs
0x8C070996,ported-invocation,src/fight/seventh_c13_adapters.c,8,static original-image C control flow; complete invocation replay,5 distinct development cases; docs/re/seventh_coverage_batch.md
0x8c0709ce,ported-invocation,src/fight/fifth_leaf_adapters.c,38,shared C algorithms and static callers; complete invocation and device-tape replay,matrix_family: 105/105 cases match (0 skipped) - PASS; held-out and fresh replay; strict registers/banked/XF/FPUL/GBR/return-PC/RAM/device access; see docs/re/fifth_coverage_batch.md
0x8c0709f4,ported-invocation,src/fight/fifth_leaf_adapters.c,42,shared C algorithms and static callers; complete invocation and device-tape replay,matrix_family: 105/105 cases match (0 skipped) - PASS; held-out and fresh replay; strict registers/banked/XF/FPUL/GBR/return-PC/RAM/device access; see docs/re/fifth_coverage_batch.md
0x8c070a1e,ported-invocation,src/fight/fifth_leaf_adapters.c,32,shared C algorithms and static callers; complete invocation and device-tape replay,matrix_family: 105/105 cases match (0 skipped) - PASS; held-out and fresh replay; strict registers/banked/XF/FPUL/GBR/return-PC/RAM/device access; see docs/re/fifth_coverage_batch.md
0x8c070a3e,ported-invocation,src/fight/fifth_leaf_adapters.c,34,shared C algorithms and static callers; complete invocation and device-tape replay,matrix_family: 105/105 cases match (0 skipped) - PASS; held-out and fresh replay; strict registers/banked/XF/FPUL/GBR/return-PC/RAM/device access; see docs/re/fifth_coverage_batch.md
0x8c070a60,ported-invocation,src/fight/fifth_leaf_adapters.c,36,shared C algorithms and static callers; complete invocation and device-tape replay,matrix_family: 103/103 cases match (0 skipped) - PASS; held-out and fresh replay; strict registers/banked/XF/FPUL/GBR/return-PC/RAM/device access; see docs/re/fifth_coverage_batch.md
0x8c070a84,ported,src/fight/fvecnorm070a84.c,208,oracle-verified (paired boundary replay),tests/fvecnorm070a84_replay.c PASS 128/128 chronological register+RAM cases across 0xB72/0xC38/0xC14 transfer targets; finite normalization scale catalog rejects unknown inputs
0x8C070B6A,ported-invocation,src/fight/seventh_c13_adapters.c,8,static original-image C control flow; complete invocation replay,4 distinct development cases; docs/re/seventh_coverage_batch.md
0x8c070ba2,ported-invocation,src/fight/fifth_leaf_adapters.c,38,shared C algorithms and static callers; complete invocation and device-tape replay,matrix_family: 102/102 cases match (0 skipped) - PASS; held-out and fresh replay; strict registers/banked/XF/FPUL/GBR/return-PC/RAM/device access; see docs/re/fifth_coverage_batch.md
0x8c070bc8,ported-invocation,src/fight/fifth_leaf_adapters.c,42,shared C algorithms and static callers; complete invocation and device-tape replay,matrix_family: 102/102 cases match (0 skipped) - PASS; held-out and fresh replay; strict registers/banked/XF/FPUL/GBR/return-PC/RAM/device access; see docs/re/fifth_coverage_batch.md
0x8c070bf2,ported-invocation,src/fight/fifth_leaf_adapters.c,32,shared C algorithms and static callers; complete invocation and device-tape replay,matrix_family: 102/102 cases match (0 skipped) - PASS; held-out and fresh replay; strict registers/banked/XF/FPUL/GBR/return-PC/RAM/device access; see docs/re/fifth_coverage_batch.md
0x8c070c12,ported-invocation,src/fight/fifth_leaf_adapters.c,34,shared C algorithms and static callers; complete invocation and device-tape replay,matrix_family: 102/102 cases match (0 skipped) - PASS; held-out and fresh replay; strict registers/banked/XF/FPUL/GBR/return-PC/RAM/device access; see docs/re/fifth_coverage_batch.md
0x8c070c34,ported-invocation,src/fight/fifth_leaf_adapters.c,36,shared C algorithms and static callers; complete invocation and device-tape replay,matrix_family: 102/102 cases match (0 skipped) - PASS; held-out and fresh replay; strict registers/banked/XF/FPUL/GBR/return-PC/RAM/device access; see docs/re/fifth_coverage_batch.md
0x8C070C58,ported-invocation,src/fight/seventh_c4_adapters.c,76,static original-image C control flow; complete invocation replay,4 distinct development cases; docs/re/seventh_coverage_batch.md
0x8C070CAA,ported-invocation,src/fight/seventh_c8_adapters.c,34,static original-image C control flow; complete invocation replay,4 distinct development cases; docs/re/seventh_coverage_batch.md
0x8C070CCC,ported-invocation,src/fight/seventh_c8_adapters.c,36,static original-image C control flow; complete invocation replay,4 distinct development cases; docs/re/seventh_coverage_batch.md
0x8c070cf0,ported,src/fight/fvecnorm070cf0.c,208,oracle-verified (paired boundary replay),tests/fvecnorm070cf0_replay.c PASS 128/128 chronological register+RAM cases across 0xD5E/0xD8C/0xD98/0xE7C; finite FSRRA catalog rejects unknown norms
0x8C070DCE,ported-invocation,src/fight/seventh_c13_adapters.c,8,static original-image C control flow; complete invocation replay,4 distinct development cases; docs/re/seventh_coverage_batch.md
0x8c070e06,ported-invocation,src/fight/fifth_leaf_adapters.c,38,shared C algorithms and static callers; complete invocation and device-tape replay,matrix_family: 94/94 cases match (0 skipped) - PASS; held-out and fresh replay; strict registers/banked/XF/FPUL/GBR/return-PC/RAM/device access; see docs/re/fifth_coverage_batch.md
0x8c070e2c,ported-invocation,src/fight/fifth_leaf_adapters.c,46,shared C algorithms and static callers; complete invocation and device-tape replay,matrix_family: 94/94 cases match (0 skipped) - PASS; held-out and fresh replay; strict registers/banked/XF/FPUL/GBR/return-PC/RAM/device access; see docs/re/fifth_coverage_batch.md
0x8c070e5a,ported-invocation,src/fight/fifth_leaf_adapters.c,32,shared C algorithms and static callers; complete invocation and device-tape replay,matrix_family: 94/94 cases match (0 skipped) - PASS; held-out and fresh replay; strict registers/banked/XF/FPUL/GBR/return-PC/RAM/device access; see docs/re/fifth_coverage_batch.md
0x8c070e7a,ported-invocation,src/fight/fifth_leaf_adapters.c,34,shared C algorithms and static callers; complete invocation and device-tape replay,matrix_family: 94/94 cases match (0 skipped) - PASS; held-out and fresh replay; strict registers/banked/XF/FPUL/GBR/return-PC/RAM/device access; see docs/re/fifth_coverage_batch.md
0x8c070e9c,ported-invocation,src/fight/fifth_leaf_adapters.c,36,shared C algorithms and static callers; complete invocation and device-tape replay,matrix_family: 92/92 cases match (0 skipped) - PASS; held-out and fresh replay; strict registers/banked/XF/FPUL/GBR/return-PC/RAM/device access; see docs/re/fifth_coverage_batch.md
0x8c070ec0,ported-invocation,src/fight/matrix_adapters.c,204,static C caller plus shared matrix/vector algorithms; complete invocation replay,matrix_family: 178/178 cases match (0 skipped) - PASS; strict full registers/XF/FPUL/GBR/return-PC/RAM; see docs/re/matrix_batch.md
0x8C070F9E,ported-invocation,src/fight/seventh_c13_adapters.c,8,static original-image C control flow; complete invocation replay,7 distinct development cases; docs/re/seventh_coverage_batch.md
0x8c070fd6,ported-invocation,src/fight/fifth_leaf_adapters.c,38,shared C algorithms and static callers; complete invocation and device-tape replay,matrix_family: 127/127 cases match (0 skipped) - PASS; held-out and fresh replay; strict registers/banked/XF/FPUL/GBR/return-PC/RAM/device access; see docs/re/fifth_coverage_batch.md
0x8c070ffc,ported-invocation,src/fight/fifth_leaf_adapters.c,46,shared C algorithms and static callers; complete invocation and device-tape replay,matrix_family: 128/128 cases match (0 skipped) - PASS; held-out and fresh replay; strict registers/banked/XF/FPUL/GBR/return-PC/RAM/device access; see docs/re/fifth_coverage_batch.md
0x8c07102a,ported-invocation,src/fight/fifth_leaf_adapters.c,32,shared C algorithms and static callers; complete invocation and device-tape replay,matrix_family: 128/128 cases match (0 skipped) - PASS; held-out and fresh replay; strict registers/banked/XF/FPUL/GBR/return-PC/RAM/device access; see docs/re/fifth_coverage_batch.md
0x8c07104a,ported-invocation,src/fight/fifth_leaf_adapters.c,34,shared C algorithms and static callers; complete invocation and device-tape replay,matrix_family: 128/128 cases match (0 skipped) - PASS; held-out and fresh replay; strict registers/banked/XF/FPUL/GBR/return-PC/RAM/device access; see docs/re/fifth_coverage_batch.md
0x8c07106c,ported-invocation,src/fight/fifth_leaf_adapters.c,36,shared C algorithms and static callers; complete invocation and device-tape replay,matrix_family: 124/124 cases match (0 skipped) - PASS; held-out and fresh replay; strict registers/banked/XF/FPUL/GBR/return-PC/RAM/device access; see docs/re/fifth_coverage_batch.md
0x8C071090,ported-invocation,src/fight/seventh_c4_adapters.c,76,static original-image C control flow; complete invocation replay,4 distinct development cases; docs/re/seventh_coverage_batch.md
0x8C0710E2,ported-invocation,src/fight/seventh_c8_adapters.c,34,static original-image C control flow; complete invocation replay,4 distinct development cases; docs/re/seventh_coverage_batch.md
0x8C071104,ported-invocation,src/fight/seventh_c5_adapters.c,60,static original-image C control flow; complete invocation replay,4 distinct development cases; docs/re/seventh_coverage_batch.md
0x8c0712c6,ported,src/fight/eighth_adapters.c,38,capture-driven port,matrix_family: 63 strict cases from fifth_leaf_holdout_v6_cases - PASS; see docs/re/tenth_coverage_batch.md
0x8c0712ec,ported,src/fight/eighth_adapters.c,42,capture-driven port,matrix_family: 63 strict cases from fifth_leaf_holdout_v6_cases - PASS; see docs/re/tenth_coverage_batch.md
0x8c071316,ported,src/fight/eighth_adapters.c,32,capture-driven port,matrix_family: 63 strict cases from fifth_leaf_holdout_v6_cases - PASS; see docs/re/tenth_coverage_batch.md
0x8c071336,ported,src/fight/eighth_adapters.c,34,capture-driven port,matrix_family: 63 strict cases from fifth_leaf_holdout_v6_cases - PASS; see docs/re/tenth_coverage_batch.md
0x8c071358,ported,src/fight/eighth_adapters.c,36,capture-driven port,matrix_family: 63 strict cases from fifth_leaf_holdout_v6_cases - PASS; see docs/re/tenth_coverage_batch.md
0x8c07137c,ported,src/fight/unknown.c,76,capture-driven port,partial-cover promotion: 54 cases from fifth_leaf_holdout_v6_cases corpus - PASS (body cover 47.4%); see docs/re/fourteenth_coverage_batch.md
0x8c07153e,ported,src/fight/eighth_adapters.c,38,capture-driven port,matrix_family: 59 strict cases from fifth_leaf_holdout_v6_cases - PASS; see docs/re/tenth_coverage_batch.md
0x8c071564,ported,src/fight/eighth_adapters.c,42,capture-driven port,matrix_family: 59 strict cases from fifth_leaf_holdout_v6_cases - PASS; see docs/re/tenth_coverage_batch.md
0x8c07158e,ported,src/fight/eighth_adapters.c,32,capture-driven port,matrix_family: 59 strict cases from fifth_leaf_holdout_v6_cases - PASS; see docs/re/tenth_coverage_batch.md
0x8c0715ae,ported,src/fight/eighth_adapters.c,34,capture-driven port,matrix_family: 59 strict cases from fifth_leaf_holdout_v6_cases - PASS; see docs/re/tenth_coverage_batch.md
0x8c0715d0,ported,src/fight/next_adapters.c,36,capture-driven port,matrix_family: 58 strict cases from fifth_leaf_holdout_v6_cases - PASS; see docs/re/tenth_coverage_batch.md
0x8c0715f4,ported,src/fight/next_adapters.c,76,capture-driven port,matrix_family: 22 cases from phase1_dev_cases corpus - PASS (body cover 92.1%); see docs/re/twelfth_coverage_batch.md
0x8c071646,ported,src/fight/next_adapters.c,34,capture-driven port,matrix_family: 22 strict cases from fifth_leaf_holdout_v6_cases - PASS; see docs/re/tenth_coverage_batch.md
0x8C071668,ported-invocation,src/fight/seventh_adapters.c,44,static original-image C control flow; complete invocation replay,6 distinct development cases; docs/re/seventh_coverage_batch.md
0x8c07171c,ported,src/fight/seventh_adapters.c,34,capture-driven port,matrix_family: 10 strict cases from fifth_leaf_holdout_cases - PASS; see docs/re/tenth_coverage_batch.md
0x8C07173E,ported-invocation,src/fight/seventh_c9_adapters.c,32,static original-image C control flow; complete invocation replay,4 distinct development cases; docs/re/seventh_coverage_batch.md
0x8c07175e,ported-invocation,src/fight/matrix_adapters.c,140,static C caller plus shared matrix/vector algorithms; complete invocation replay,matrix_family: 136/136 cases match (0 skipped) - PASS; strict full registers/XF/FPUL/GBR/return-PC/RAM; see docs/re/matrix_batch.md
0x8C0717EA,ported-invocation,src/fight/seventh_c10_adapters.c,28,static original-image C control flow; complete invocation replay,4 distinct development cases; docs/re/seventh_coverage_batch.md
0x8C071806,ported-invocation,src/fight/seventh_c7_adapters.c,38,static original-image C control flow; complete invocation replay,4 distinct development cases; docs/re/seventh_coverage_batch.md
0x8C07182C,ported-invocation,src/fight/seventh_c10_adapters.c,30,static original-image C control flow; complete invocation replay,4 distinct development cases; docs/re/seventh_coverage_batch.md
0x8c07184a,ported,src/fight/seventh_adapters.c,64,capture-driven port,matrix_family: 10 strict cases from fifth_leaf_holdout_cases - PASS; see docs/re/tenth_coverage_batch.md
0x8c071890,ported-invocation,src/fight/fifth_leaf_adapters.c,34,shared C algorithms and static callers; complete invocation and device-tape replay,matrix_family: 104/104 cases match (0 skipped) - PASS; held-out and fresh replay; strict registers/banked/XF/FPUL/GBR/return-PC/RAM/device access; see docs/re/fifth_coverage_batch.md
0x8c0718b2,ported-invocation,src/fight/fifth_leaf_adapters.c,84,shared C algorithms and static callers; complete invocation and device-tape replay,matrix_family: 104/104 cases match (0 skipped) - PASS; held-out and fresh replay; strict registers/banked/XF/FPUL/GBR/return-PC/RAM/device access; see docs/re/fifth_coverage_batch.md
0x8c071906,ported-invocation,src/fight/fifth_leaf_adapters.c,28,shared C algorithms and static callers; complete invocation and device-tape replay,matrix_family: 104/104 cases match (0 skipped) - PASS; held-out and fresh replay; strict registers/banked/XF/FPUL/GBR/return-PC/RAM/device access; see docs/re/fifth_coverage_batch.md
0x8c071948,ported,src/fight/seventh_adapters.c,34,capture-driven port,matrix_family: 39 strict cases from fifth_leaf_dev_v6_cases - PASS; see docs/re/tenth_coverage_batch.md
0x8C07196A,ported-invocation,src/fight/seventh_c9_adapters.c,32,static original-image C control flow; complete invocation replay,4 distinct development cases; docs/re/seventh_coverage_batch.md
0x8c07198a,ported-invocation,src/fight/matrix_adapters.c,140,static C caller plus shared matrix/vector algorithms; complete invocation replay,matrix_family: 157/157 cases match (0 skipped) - PASS; strict full registers/XF/FPUL/GBR/return-PC/RAM; see docs/re/matrix_batch.md
0x8C071A16,ported-invocation,src/fight/seventh_c10_adapters.c,28,static original-image C control flow; complete invocation replay,4 distinct development cases; docs/re/seventh_coverage_batch.md
0x8C071A32,ported-invocation,src/fight/seventh_c7_adapters.c,38,static original-image C control flow; complete invocation replay,4 distinct development cases; docs/re/seventh_coverage_batch.md
0x8C071A58,ported-invocation,src/fight/seventh_c10_adapters.c,30,static original-image C control flow; complete invocation replay,4 distinct development cases; docs/re/seventh_coverage_batch.md
0x8c071a76,ported,src/fight/vecpush.c,66,oracle-verified-piecewise,tests/vecpush_replay.c 7/7 cases PASS (entry->0x8C071ABE)
0x8C071ADE,ported-invocation,src/fight/seventh_c9_adapters.c,32,static original-image C control flow; complete invocation replay,4 distinct development cases; docs/re/seventh_coverage_batch.md
0x8C071AFE,ported-invocation,src/fight/seventh_c9_adapters.c,32,static original-image C control flow; complete invocation replay,4 distinct development cases; docs/re/seventh_coverage_batch.md
0x8c071b1e,ported-invocation,src/fight/matrix_adapters.c,140,static C caller plus shared matrix/vector algorithms; complete invocation replay,matrix_family: 44/44 cases match (0 skipped) - PASS; strict full registers/XF/FPUL/GBR/return-PC/RAM; see docs/re/matrix_batch.md
0x8C071BAA,ported-invocation,src/fight/seventh_c10_adapters.c,28,static original-image C control flow; complete invocation replay,4 distinct development cases; docs/re/seventh_coverage_batch.md
0x8C071BC6,ported-invocation,src/fight/seventh_c7_adapters.c,38,static original-image C control flow; complete invocation replay,4 distinct development cases; docs/re/seventh_coverage_batch.md
0x8C071BEC,ported-invocation,src/fight/seventh_c10_adapters.c,30,static original-image C control flow; complete invocation replay,4 distinct development cases; docs/re/seventh_coverage_batch.md
0x8C071C0A,ported-invocation,src/fight/seventh_c4_adapters.c,66,static original-image C control flow; complete invocation replay,4 distinct development cases; docs/re/seventh_coverage_batch.md
0x8c071c50,ported,src/fight/seventh_adapters.c,34,capture-driven port,matrix_family: 39 strict cases from fifth_leaf_dev_v6_cases - PASS; see docs/re/tenth_coverage_batch.md
0x8C071C72,ported-invocation,src/fight/seventh_c9_adapters.c,32,static original-image C control flow; complete invocation replay,4 distinct development cases; docs/re/seventh_coverage_batch.md
0x8c071c92,ported-invocation,src/fight/matrix_adapters.c,140,static C caller plus shared matrix/vector algorithms; complete invocation replay,matrix_family: 158/158 cases match (0 skipped) - PASS; strict full registers/XF/FPUL/GBR/return-PC/RAM; see docs/re/matrix_batch.md
0x8C071D1E,ported-invocation,src/fight/seventh_c10_adapters.c,28,static original-image C control flow; complete invocation replay,4 distinct development cases; docs/re/seventh_coverage_batch.md
0x8C071D3A,ported-invocation,src/fight/seventh_c7_adapters.c,38,static original-image C control flow; complete invocation replay,4 distinct development cases; docs/re/seventh_coverage_batch.md
0x8C071D60,ported-invocation,src/fight/seventh_c10_adapters.c,30,static original-image C control flow; complete invocation replay,4 distinct development cases; docs/re/seventh_coverage_batch.md
0x8C071D7E,ported-invocation,src/fight/seventh_c4_adapters.c,66,static original-image C control flow; complete invocation replay,4 distinct development cases; docs/re/seventh_coverage_batch.md
0x8c071dc4,ported-invocation,src/fight/fifth_leaf_adapters.c,34,shared C algorithms and static callers; complete invocation and device-tape replay,matrix_family: 107/107 cases match (0 skipped) - PASS; held-out and fresh replay; strict registers/banked/XF/FPUL/GBR/return-PC/RAM/device access; see docs/re/fifth_coverage_batch.md
0x8c071de6,ported-invocation,src/fight/fifth_leaf_adapters.c,84,shared C algorithms and static callers; complete invocation and device-tape replay,matrix_family: 107/107 cases match (0 skipped) - PASS; held-out and fresh replay; strict registers/banked/XF/FPUL/GBR/return-PC/RAM/device access; see docs/re/fifth_coverage_batch.md
0x8c071e3a,ported-invocation,src/fight/fifth_leaf_adapters.c,60,shared C algorithms and static callers; complete invocation and device-tape replay,matrix_family: 107/107 cases match (0 skipped) - PASS; held-out and fresh replay; strict registers/banked/XF/FPUL/GBR/return-PC/RAM/device access; see docs/re/fifth_coverage_batch.md
0x8c071e7c,ported,src/fight/fifth_leaf_adapters.c,34,capture-driven port,matrix_family: 12 strict cases from fifth_leaf_dev_v6_cases - PASS; see docs/re/tenth_coverage_batch.md
0x8C071E9E,ported-invocation,src/fight/seventh_c9_adapters.c,32,static original-image C control flow; complete invocation replay,4 distinct development cases; docs/re/seventh_coverage_batch.md
0x8c071ebe,ported-invocation,src/fight/matrix_adapters.c,140,static C caller plus shared matrix/vector algorithms; complete invocation replay,matrix_family: 157/157 cases match (0 skipped) - PASS; strict full registers/XF/FPUL/GBR/return-PC/RAM; see docs/re/matrix_batch.md
0x8C071F4A,ported-invocation,src/fight/seventh_c10_adapters.c,28,static original-image C control flow; complete invocation replay,4 distinct development cases; docs/re/seventh_coverage_batch.md
0x8C071F66,ported-invocation,src/fight/seventh_c7_adapters.c,38,static original-image C control flow; complete invocation replay,4 distinct development cases; docs/re/seventh_coverage_batch.md
0x8C071F8C,ported-invocation,src/fight/seventh_c10_adapters.c,30,static original-image C control flow; complete invocation replay,4 distinct development cases; docs/re/seventh_coverage_batch.md
0x8C071FAA,ported-invocation,src/fight/seventh_c5_adapters.c,60,static original-image C control flow; complete invocation replay,4 distinct development cases; docs/re/seventh_coverage_batch.md
0x8c071fec,ported-invocation,src/fight/fifth_leaf_adapters.c,34,shared C algorithms and static callers; complete invocation and device-tape replay,matrix_family: 107/107 cases match (0 skipped) - PASS; held-out and fresh replay; strict registers/banked/XF/FPUL/GBR/return-PC/RAM/device access; see docs/re/fifth_coverage_batch.md
0x8c07200e,ported-invocation,src/fight/fifth_leaf_adapters.c,84,shared C algorithms and static callers; complete invocation and device-tape replay,matrix_family: 107/107 cases match (0 skipped) - PASS; held-out and fresh replay; strict registers/banked/XF/FPUL/GBR/return-PC/RAM/device access; see docs/re/fifth_coverage_batch.md
0x8c072062,ported-invocation,src/fight/fifth_leaf_adapters.c,20,shared C algorithms and static callers; complete invocation and device-tape replay,matrix_family: 107/107 cases match (0 skipped) - PASS; held-out and fresh replay; strict registers/banked/XF/FPUL/GBR/return-PC/RAM/device access; see docs/re/fifth_coverage_batch.md
0x8c072120,ported,src/fight/vf3_fifth_leaf_unowned_adapter.c,34,capture-driven port,fifth_leaf_unowned: 12 strict cases from fifth_leaf_holdout_v6_cases corpus - PASS; see docs/re/eleventh_coverage_batch.md
0x8c072142,ported,src/fight/vf3_fifth_leaf_unowned_adapter.c,32,capture-driven port,fifth_leaf_unowned: 12 strict cases from fifth_leaf_holdout_v6_cases corpus - PASS; see docs/re/eleventh_coverage_batch.md
0x8c0721ee,ported,src/fight/phase1_adapters.c,28,capture-driven port,matrix_family: 12 strict cases from fifth_leaf_holdout_v6_cases - PASS; see docs/re/tenth_coverage_batch.md
0x8c07220a,ported,src/fight/phase1_adapters.c,38,capture-driven port,matrix_family: 12 strict cases from fifth_leaf_holdout_v6_cases - PASS; see docs/re/tenth_coverage_batch.md
0x8c072230,ported,src/fight/phase1_adapters.c,40,capture-driven port,matrix_family: 12 strict cases from fifth_leaf_holdout_v6_cases - PASS; see docs/re/tenth_coverage_batch.md
0x8c072258,ported,src/fight/phase1_adapters.c,64,capture-driven port,matrix_family: 12 strict cases from fifth_leaf_holdout_v6_cases - PASS; see docs/re/tenth_coverage_batch.md
0x8c07229c,ported,src/fight/phase1_adapters.c,34,capture-driven port,matrix_family: 49 strict cases from fifth_leaf_holdout_v6_cases - PASS; see docs/re/tenth_coverage_batch.md
0x8c0722be,ported,src/fight/phase1_adapters.c,94,capture-driven port,matrix_family: 49 strict cases from fifth_leaf_holdout_v6_cases - PASS; see docs/re/tenth_coverage_batch.md
0x8c07231c,ported,src/fight/phase1_adapters.c,26,capture-driven port,matrix_family: 49 strict cases from fifth_leaf_holdout_v6_cases - PASS; see docs/re/tenth_coverage_batch.md
0x8c0727fc,ported,src/fight/next_adapters.c,34,capture-driven port,matrix_family: 51 strict cases from fifth_leaf_holdout_v6_cases - PASS; see docs/re/tenth_coverage_batch.md
0x8c07281e,ported,src/fight/next_adapters.c,94,capture-driven port,matrix_family: 51 strict cases from fifth_leaf_holdout_v6_cases - PASS; see docs/re/tenth_coverage_batch.md
0x8c07287c,ported,src/fight/next_adapters.c,64,capture-driven port,matrix_family: 51 cases from phase1_dev_cases corpus - PASS (body cover 90.6%); see docs/re/twelfth_coverage_batch.md
0x8c0728c0,ported,src/fight/next_adapters.c,34,capture-driven port,matrix_family: 12 strict cases from fifth_leaf_holdout_v6_cases - PASS; see docs/re/tenth_coverage_batch.md
0x8c0728e2,ported,src/fight/next_adapters.c,32,capture-driven port,matrix_family: 12 strict cases from fifth_leaf_holdout_v6_cases - PASS; see docs/re/tenth_coverage_batch.md
0x8c07298e,ported,src/fight/next_adapters.c,28,capture-driven port,matrix_family: 12 strict cases from fifth_leaf_holdout_v6_cases - PASS; see docs/re/tenth_coverage_batch.md
0x8c0729aa,ported,src/fight/next_adapters.c,38,capture-driven port,matrix_family: 12 strict cases from fifth_leaf_holdout_v6_cases - PASS; see docs/re/tenth_coverage_batch.md
0x8c0729d0,ported,src/fight/next_adapters.c,40,capture-driven port,matrix_family: 12 strict cases from fifth_leaf_holdout_v6_cases - PASS; see docs/re/tenth_coverage_batch.md
0x8c0729f8,ported,src/fight/next_adapters.c,64,capture-driven port,matrix_family: 12 strict cases from fifth_leaf_holdout_v6_cases - PASS; see docs/re/tenth_coverage_batch.md
0x8c072a3c,ported,src/fight/next_adapters.c,34,capture-driven port,matrix_family: 51 strict cases from fifth_leaf_holdout_v6_cases - PASS; see docs/re/tenth_coverage_batch.md
0x8c072a5e,ported,src/fight/next_adapters.c,94,capture-driven port,matrix_family: 51 strict cases from fifth_leaf_holdout_v6_cases - PASS; see docs/re/tenth_coverage_batch.md
0x8c072abc,ported,src/fight/next_adapters.c,70,capture-driven port,matrix_family: 51 strict cases from fifth_leaf_holdout_v6_cases - PASS; see docs/re/tenth_coverage_batch.md
0x8c072b50,ported-invocation,src/fight/fifth_adapters.c,380,shared C algorithms and static callers; complete invocation and device-tape replay,matrix_family: 978/978 cases match (0 skipped) - PASS; held-out and fresh replay; strict registers/banked/XF/FPUL/GBR/return-PC/RAM/device access; see docs/re/fifth_coverage_batch.md
0x8c072e2c,ported,src/fight/vf3_motion_final_adapter.c,150,capture-driven port,matrix_final: 1 strict cases from motion_final corpus - PASS; see docs/re/eleventh_coverage_batch.md
0x8c0738fc,ported-invocation,src/fight/eighth_adapters.c,336,static original-image C control flow; complete invocation replay,"matrix_family: 111/111 development strict; 64/64 holdout strict; 64/64 fresh strict; zero skips, zero OOB; >=2 scenarios; full registers/banked/XF/FPUL/GBR/return-PC/RAM; see docs/re/eighth_coverage_batch.md"
0X8C0738FC,ported-invocation,src/fight/eighth_adapters.c,336,static original-image C control flow; complete invocation replay,"matrix_family: 62/62 development strict; 64/64 holdout strict; 64/64 fresh strict; zero skips, zero OOB; >=2 scenarios; full registers/banked/XF/FPUL/GBR/return-PC/RAM; see docs/re/eighth_coverage_batch.md"
0x8c073f82,ported-invocation,src/fight/fifth_leaf_adapters.c,50,shared C algorithms and static callers; complete invocation and device-tape replay,matrix_family: 128/128 cases match (0 skipped) - PASS; held-out and fresh replay; strict registers/banked/XF/FPUL/GBR/return-PC/RAM/device access; see docs/re/fifth_coverage_batch.md
0x8c073fb4,ported,src/fight/fminmax.c,350,oracle-verified (RAM shadow diff),fminmax_replay 8/8 PASS (170 pairs / 64 unique / 8 RAM cases over 7 windows incl low-mem vectors + table + vertex tables; no calls in true body)
0x8c074158,ported-invocation,src/fight/fight_adapters.c,970,shared C algorithms and static callers; complete invocation replay,matrix_family: 331/331 cases match (0 skipped) - PASS; strict registers/XF/FPUL/GBR/return-PC/RAM; >=2 scenarios; see docs/re/fight_batch.md
0x8c07459e,ported-invocation,src/fight/motion_adapters.c,130,shared C algorithms and static callers; complete invocation replay,matrix_family: 196/196 cases match (0 skipped) - PASS; strict registers/XF/FPUL/GBR/return-PC/RAM; >=2 scenarios; see docs/re/motion_batch.md
0x8c07464c,ported-invocation,src/fight/next_adapters.c,144,shared C algorithms and static callers; complete invocation and device-tape replay,matrix_family: 138/138 cases match (0 skipped) - PASS; held-out and fresh replay; strict registers/XF/FPUL/GBR/return-PC/RAM/device access; see docs/re/next_coverage_batch.md
0x8c074702,ported-invocation,src/fight/fifth_leaf_adapters.c,60,shared C algorithms and static callers; complete invocation and device-tape replay,matrix_family: 128/128 cases match (0 skipped) - PASS; held-out and fresh replay; strict registers/banked/XF/FPUL/GBR/return-PC/RAM/device access; see docs/re/fifth_coverage_batch.md
0x8c0747b2,ported-invocation,src/fight/eighth_adapters.c,38,static original-image C control flow; complete invocation replay,"matrix_family: 64/64 development strict; 128/128 holdout strict; 96/96 fresh strict; zero skips, zero OOB; >=2 scenarios; full registers/banked/XF/FPUL/GBR/return-PC/RAM; see docs/re/eighth_coverage_batch.md"
0x8c0747d8,ported,src/fight/f0747d8.c,40,oracle-verified (RAM shadow diff),f0747d8_replay 64/64 PASS (paired register+RAM cases over 7 windows; two coordinate accumulations and rts-delay zero stores)
0x8c07482e,ported-invocation,src/fight/fifth_leaf_adapters.c,38,shared C algorithms and static callers; complete invocation and device-tape replay,matrix_family: 128/128 cases match (0 skipped) - PASS; held-out and fresh replay; strict registers/banked/XF/FPUL/GBR/return-PC/RAM/device access; see docs/re/fifth_coverage_batch.md
0x8c074854,ported-invocation,src/fight/fifth_leaf_adapters.c,84,shared C algorithms and static callers; complete invocation and device-tape replay,matrix_family: 128/128 cases match (0 skipped) - PASS; held-out and fresh replay; strict registers/banked/XF/FPUL/GBR/return-PC/RAM/device access; see docs/re/fifth_coverage_batch.md
0x8c0748c0,ported-piecewise,src/fight/walker2.c,32,oracle-verified-gate-only (RAM shadow diff),walker_gate_replay 8/8 PASS; walker bsr 0x8C0748E0 calls out of scope (data OOB in all windows)
0x8c074930,ported,src/fight/unknown.c,210,capture-driven port,partial-cover promotion: 5 cases from fifth_leaf_dev_v6_cases corpus - PASS (body cover 47.6%); see docs/re/fourteenth_coverage_batch.md
0x8C074A3A,ported-invocation,src/fight/seventh_c11_adapters.c,24,static original-image C control flow; complete invocation replay,4 distinct development cases; docs/re/seventh_coverage_batch.md
0x8c074ae8,ported,src/fight/fight_adapters.c,22,capture-driven port,matrix_family: 4 strict cases from fifth_leaf_holdout_v6_cases - PASS; see docs/re/tenth_coverage_batch.md
0x8C074AFE,ported-invocation,src/fight/seventh_c12_adapters.c,16,static original-image C control flow; complete invocation replay,4 distinct development cases; docs/re/seventh_coverage_batch.md
0x8c074b0e,ported-invocation,src/fight/fifth_adapters.c,688,static original-image C control flow; complete invocation replay,matrix_family: 112/112 cases match (0 skipped) - PASS; independent held-out and fresh strict replay; docs/re/sixth_coverage_batch.md
0x8c074e24,ported-invocation,src/fight/fifth_leaf_adapters.c,62,shared C algorithms and static callers; complete invocation and device-tape replay,matrix_family: 128/128 cases match (0 skipped) - PASS; held-out and fresh replay; strict registers/banked/XF/FPUL/GBR/return-PC/RAM/device access; see docs/re/fifth_coverage_batch.md
0x8c074ef0,ported-invocation,src/fight/fight_adapters.c,200,shared C algorithms and static callers; complete invocation replay,matrix_family: 342/342 cases match (0 skipped) - PASS; strict registers/XF/FPUL/GBR/return-PC/RAM; >=2 scenarios; see docs/re/fight_batch.md
0x8c074fee,ported-invocation,src/fight/motion_adapters.c,188,shared C algorithms and static callers; complete invocation replay,matrix_family: 246/246 cases match (0 skipped) - PASS; strict registers/XF/FPUL/GBR/return-PC/RAM; >=2 scenarios; see docs/re/motion_batch.md
0x8c0750be,ported-invocation,src/fight/fifth_adapters.c,5432,static original-image C control flow; complete invocation replay,matrix_family: 82/82 cases match (0 skipped) - PASS; independent held-out and fresh strict replay; docs/re/sixth_coverage_batch.md
0x8c076ba6,ported,src/fight/vf3_fifth_leaf_extra_adapter.c,90,capture-driven port,fifth_leaf_extra: 62 cases from fifth_leaf_holdout_v6_cases corpus - PASS; see docs/re/thirteenth_coverage_batch.md
0x8c076c00,ported,src/fight/f076c00.c,4138,oracle-verified (RAM shadow diff),f076c00_replay 8/8 PASS (8 RAM cases over 5 windows; nested g78044 dyn/static + g77e4e calls; baked 0x0C0F3A88 table; r8-r11 passthrough, r7=X+0x74 out)
0x8c077e4e,ported,src/fight/g77e4e.c,550,oracle-verified (RAM shadow diff),g77e4e_replay 8/8 PASS (gap unit interior of f_8c076c00; nested-call + data-block gates untripped)
0x8c077e5c,ported-invocation,src/fight/fight_adapters.c,430,shared C algorithms and static callers; complete invocation replay,matrix_family: 255/255 cases match (0 skipped) - PASS; strict registers/XF/FPUL/GBR/return-PC/RAM; >=2 scenarios; see docs/re/fight_batch.md
0x8c078044,ported,src/fight/g78044.c,200,oracle-verified (RAM shadow diff),g78044_replay 8/8 PASS (gap unit interior of f_8c077e5c; 8 RAM cases over 5 windows)
0x8c078172,ported,src/fight/vf3_fifth_leaf_unowned_adapter.c,72,capture-driven port,fifth_leaf_unowned: 13 strict cases from fifth_leaf_dev_v6_cases corpus - PASS; see docs/re/eleventh_coverage_batch.md
0x8c0781c2,ported,src/fight/vf3_motion_final_adapter.c,156,capture-driven port,matrix_final: 2 strict cases from motion_final corpus - PASS; see docs/re/eleventh_coverage_batch.md
0x8c0782ea,ported,src/fight/g782ea.c,4472,oracle-verified (RAM shadow diff),"g782ea_replay 8/8 PASS (35 pairs / 8 RAM cases over 10 windows; BRAF dispatcher 19/64 arms, B-path interrupt footprint modeled, pools+BRAF baked; pr-match fork fix for depth-leak exits)"
0x8c0796f4,ported-stub,src/fight/walker.c,0,structural-model,trace vf3_7 watch pending
0x8c07a7b2,ported,src/fight/vf3_fifth_leaf_unowned_adapter.c,54,capture-driven port,fifth_leaf_unowned: 1 strict cases from fifth_leaf_holdout_v6_cases corpus - PASS; see docs/re/eleventh_coverage_batch.md
0x8c07aa5e,ported,src/fight/vf3_fifth_leaf_unowned_adapter.c,78,capture-driven port,fifth_leaf_unowned: 1 strict cases from fifth_leaf_dev_v6_cases corpus - PASS; see docs/re/eleventh_coverage_batch.md
0x8c07ab14,ported-invocation,src/fight/fifth_adapters.c,114,shared C algorithms and static callers; complete invocation and device-tape replay,matrix_family: 69/69 cases match (0 skipped) - PASS; held-out and fresh replay; strict registers/banked/XF/FPUL/GBR/return-PC/RAM/device access; see docs/re/fifth_coverage_batch.md
0x8C07AB94,ported-invocation,src/fight/seventh_c4_adapters.c,72,static original-image C control flow; complete invocation replay,2 distinct development cases; docs/re/seventh_coverage_batch.md
0x8c07ac98,ported,src/fight/vf3_fifth_leaf_unowned_adapter.c,78,capture-driven port,fifth_leaf_unowned: 4 strict cases from fifth_leaf_fresh_v6_cases corpus - PASS; see docs/re/eleventh_coverage_batch.md
0x8c07ad68,ported,src/fight/next_adapters.c,46,capture-driven port,matrix_family: 2 cases from next_dev_cases corpus - PASS (body cover 95.7%); see docs/re/twelfth_coverage_batch.md
0x8c07b102,ported,src/fight/vf3_motion_final_adapter.c,206,capture-driven port,matrix_final: 2 strict cases from motion_final corpus - PASS; see docs/re/eleventh_coverage_batch.md
0x8C07B5B0,ported-invocation,src/fight/seventh_c10_adapters.c,30,static original-image C control flow; complete invocation replay,4 distinct development cases; docs/re/seventh_coverage_batch.md
0x8c07b5f8,ported-invocation,src/fight/next_adapters.c,118,shared C algorithms and static callers; complete invocation and device-tape replay,matrix_family: 120/120 cases match (0 skipped) - PASS; held-out and fresh replay; strict registers/XF/FPUL/GBR/return-PC/RAM/device access; see docs/re/next_coverage_batch.md
0x8c07b6c4,ported-invocation,src/fight/fifth_leaf_adapters.c,26,shared C algorithms and static callers; complete invocation and device-tape replay,matrix_family: 128/128 cases match (0 skipped) - PASS; held-out and fresh replay; strict registers/banked/XF/FPUL/GBR/return-PC/RAM/device access; see docs/re/fifth_coverage_batch.md
0x8c07b6de,ported-invocation,src/fight/fifth_leaf_adapters.c,22,shared C algorithms and static callers; complete invocation and device-tape replay,matrix_family: 128/128 cases match (0 skipped) - PASS; held-out and fresh replay; strict registers/banked/XF/FPUL/GBR/return-PC/RAM/device access; see docs/re/fifth_coverage_batch.md
0x8c07b882,ported-invocation,src/fight/motion_adapters.c,220,shared C algorithms and static callers; complete invocation replay,matrix_family: 160/160 cases match (0 skipped) - PASS; strict registers/XF/FPUL/GBR/return-PC/RAM; >=2 scenarios; see docs/re/motion_batch.md
0x8c07b9ae,ported,src/fight/vf3_fifth_leaf_extra_adapter.c,92,capture-driven port,fifth_leaf_extra: 116 cases from fifth_leaf_holdout_v6_cases corpus - PASS; see docs/re/thirteenth_coverage_batch.md
0x8c07ba3a,ported-invocation,src/fight/motion_adapters.c,2074,shared C algorithms and static callers; complete invocation replay,matrix_family: 256/256 cases match (0 skipped) - PASS; strict registers/XF/FPUL/GBR/return-PC/RAM; >=2 scenarios; see docs/re/motion_batch.md
0x8c07c540,ported,src/fight/vf3_motion_unowned_extra_adapter.c,168,capture-driven port,motion_unowned_extra: 1 cases from motion_final corpus - PASS; see docs/re/thirteenth_coverage_batch.md
0x8c07c612,ported,src/fight/vf3_fifth_leaf_unowned_adapter.c,34,capture-driven port,fifth_leaf_unowned: 1 strict cases from fifth_leaf_dev_v6_cases corpus - PASS; see docs/re/eleventh_coverage_batch.md
0x8c07c634,ported,src/fight/vf3_fifth_leaf_unowned_adapter.c,48,capture-driven port,matrix_family: 128 cases from fifth_leaf_dev_v6_cases corpus - PASS (body cover 83.3%); see docs/re/twelfth_coverage_batch.md
0x8c07c824,ported,src/fight/vf3_fifth_leaf_extra_adapter.c,72,capture-driven port,fifth_leaf_extra: 52 cases from fifth_leaf_holdout_v6_cases corpus - PASS; see docs/re/thirteenth_coverage_batch.md
0x8c07c87e,ported,src/fight/vf3_fifth_leaf_unowned_adapter.c,76,capture-driven port,fifth_leaf_unowned: 63 strict cases from fifth_leaf_dev_v6_cases corpus - PASS; see docs/re/eleventh_coverage_batch.md
0x8c07c99e,ported,src/fight/vf3_fifth_leaf_unowned_adapter.c,54,capture-driven port,fifth_leaf_unowned: 63 strict cases from fifth_leaf_holdout_v6_cases corpus - PASS; see docs/re/eleventh_coverage_batch.md
0x8c07c9d4,ported,src/fight/vf3_fifth_leaf_unowned_adapter.c,18,capture-driven port,fifth_leaf_unowned: 64 strict cases from fifth_leaf_dev_v6_cases corpus - PASS; see docs/re/eleventh_coverage_batch.md
0x8C07C9E6,ported-invocation,src/fight/seventh_c14_adapters.c,6,static original-image C control flow; complete invocation replay,6 distinct development cases; docs/re/seventh_coverage_batch.md
0x8c07c9ec,ported-invocation,src/fight/fifth_leaf_adapters.c,62,shared C algorithms and static callers; complete invocation and device-tape replay,matrix_family: 128/128 cases match (0 skipped) - PASS; held-out and fresh replay; strict registers/banked/XF/FPUL/GBR/return-PC/RAM/device access; see docs/re/fifth_coverage_batch.md
0x8c080464,ported,src/fight/vf3_fifth_leaf_unowned_adapter.c,26,capture-driven port,fifth_leaf_unowned: 1 strict cases from fifth_leaf_holdout_v6_cases corpus - PASS; see docs/re/eleventh_coverage_batch.md
0x8c081194,ported-invocation,src/fight/fight_adapters.c,1744,shared C algorithms and static callers; complete invocation replay,matrix_family: 402/402 cases match (0 skipped) - PASS; strict registers/XF/FPUL/GBR/return-PC/RAM; >=2 scenarios; see docs/re/fight_batch.md
0x8c08456e,ported-invocation,src/fight/matrix_adapters.c,252,static C caller plus shared matrix/vector algorithms; complete invocation replay,matrix_family: 27/27 cases match (0 skipped) - PASS; strict full registers/XF/FPUL/GBR/return-PC/RAM; see docs/re/matrix_batch.md
0x8c084682,ported-invocation,src/fight/motion_adapters.c,402,shared C algorithms and static callers; complete invocation replay,matrix_family: 220/220 cases match (0 skipped) - PASS; strict registers/XF/FPUL/GBR/return-PC/RAM; >=2 scenarios; see docs/re/motion_batch.md
0x8c08487e,ported-invocation,src/fight/motion_adapters.c,212,shared C algorithms and static callers; complete invocation replay,matrix_family: 222/222 cases match (0 skipped) - PASS; strict registers/XF/FPUL/GBR/return-PC/RAM; >=2 scenarios; see docs/re/motion_batch.md
0x8c084faa,ported-invocation,src/fight/fifth_leaf_adapters.c,72,shared C algorithms and static callers; complete invocation and device-tape replay,matrix_family: 128/128 cases match (0 skipped) - PASS; held-out and fresh replay; strict registers/banked/XF/FPUL/GBR/return-PC/RAM/device access; see docs/re/fifth_coverage_batch.md
0x8c08505c,ported-invocation,src/fight/next_adapters.c,436,shared C algorithms and static callers; complete invocation and device-tape replay,matrix_family: 262/262 cases match (0 skipped) - PASS; held-out and fresh replay; strict registers/XF/FPUL/GBR/return-PC/RAM/device access; see docs/re/next_coverage_batch.md
0x8c08526a,ported-invocation,src/fight/next_adapters.c,236,shared C algorithms and static callers; complete invocation and device-tape replay,matrix_family: 226/226 cases match (0 skipped) - PASS; held-out and fresh replay; strict registers/XF/FPUL/GBR/return-PC/RAM/device access; see docs/re/next_coverage_batch.md
0x8c085be2,ported,src/fight/next_adapters.c,32,capture-driven port,matrix_family: 1 strict cases from fifth_leaf_fresh_v6_cases - PASS; see docs/re/tenth_coverage_batch.md
0x8c085c38,ported-invocation,src/fight/device_adapters.c,68,static original-image C control flow; complete invocation replay,"matrix_family: 64/64 development strict; 128/128 holdout strict; 128/128 fresh strict; zero skips, zero OOB; >=2 scenarios; full registers/banked/XF/FPUL/GBR/return-PC/RAM; see docs/re/eighth_coverage_batch.md"
0x8c08649c,ported-invocation,src/fight/motion_adapters.c,158,shared C algorithms and static callers; complete invocation replay,matrix_family: 251/251 cases match (0 skipped) - PASS; strict registers/XF/FPUL/GBR/return-PC/RAM; >=2 scenarios; see docs/re/motion_batch.md
0x8c0865d6,ported,src/fight/unknown.c,178,capture-driven port,partial-cover promotion: 60 cases from fifth_leaf_dev_v6_cases corpus - PASS (body cover 69.7%); see docs/re/fourteenth_coverage_batch.md
0x8c086618,ported,src/fight/unknown.c,296,capture-driven port,partial-cover promotion: 80 cases from fifth_ab_cases corpus - PASS (body cover 45.3%); see docs/re/fourteenth_coverage_batch.md
0x8c0869c8,ported-invocation,src/fight/matrix_adapters.c,272,static C caller plus shared matrix/vector algorithms; complete invocation replay,matrix_family: 164/164 cases match (0 skipped) - PASS; strict full registers/XF/FPUL/GBR/return-PC/RAM; see docs/re/matrix_batch.md
0x8c087428,ported-invocation,src/fight/fight_adapters.c,208,shared C algorithms and static callers; complete invocation replay,matrix_family: 333/333 cases match (0 skipped) - PASS; strict registers/XF/FPUL/GBR/return-PC/RAM; >=2 scenarios; see docs/re/fight_batch.md
0x8c089456,ported-invocation,src/fight/motion_adapters.c,130,shared C algorithms and static callers; complete invocation replay,matrix_family: 254/254 cases match (0 skipped) - PASS; strict registers/XF/FPUL/GBR/return-PC/RAM; >=2 scenarios; see docs/re/motion_batch.md
0x8c08ab06,ported-invocation,src/fight/motion_adapters.c,226,shared C algorithms and static callers; complete invocation replay,matrix_family: 257/257 cases match (0 skipped) - PASS; strict registers/XF/FPUL/GBR/return-PC/RAM; >=2 scenarios; see docs/re/motion_batch.md
0x8c08b204,ported,src/fight/unknown.c,246,capture-driven port,partial-cover promotion: 21 cases from fifth_leaf_holdout_v6_cases corpus - PASS (body cover 63.4%); see docs/re/fourteenth_coverage_batch.md
0x8c08b394,ported,src/fight/device_adapters.c,88,capture-driven port,matrix_family: 53 strict cases from fifth_leaf_dev_v6_cases - PASS; see docs/re/tenth_coverage_batch.md
0x8c08b448,ported-invocation,src/fight/fifth_adapters.c,150,shared C algorithms and static callers; complete invocation and device-tape replay,matrix_family: 614/614 cases match (0 skipped) - PASS; held-out and fresh replay; strict registers/banked/XF/FPUL/GBR/return-PC/RAM/device access; see docs/re/fifth_coverage_batch.md
0x8c08b54c,ported,src/fight/fight_adapters.c,50,capture-driven port,matrix_family: 1 strict cases from fifth_leaf_fresh_v6_cases - PASS; see docs/re/tenth_coverage_batch.md
0x8c08b5ae,ported-invocation,src/fight/fifth_leaf_adapters.c,44,shared C algorithms and static callers; complete invocation and device-tape replay,matrix_family: 126/126 cases match (0 skipped) - PASS; held-out and fresh replay; strict registers/banked/XF/FPUL/GBR/return-PC/RAM/device access; see docs/re/fifth_coverage_batch.md
0x8c08b5dc,ported,src/fight/vf3_ultimate_adapter.c,68,capture-driven port,ultimate adapter: 37 cases from fifth_leaf_holdout_v6_cases corpus - PASS; see docs/re/fifteenth_coverage_batch.md
0x8c08b7ee,ported-piecewise,src/fight/cntup.c,68,oracle-verified (RAM shadow diff),"cntup_replay 8/8 PASS (70 pairs / 8 RAM cases, 10-window goldens_b7, 9 checked via nowin3 derived cases; own guards + callee-1 0x8C08B89C ladder modeled with private frame, callee-2 0x8C08BB14 delegated with verified zero checked-window footprint; r0-r7/sr/fr3 forced from oracle)"
0x8c08b836,ported,src/fight/vf3_fifth_leaf_unowned_adapter.c,84,capture-driven port,fifth_leaf_unowned: 64 strict cases from fifth_leaf_dev_v6_cases corpus - PASS; see docs/re/eleventh_coverage_batch.md
0x8c08bb26,ported-invocation,src/fight/motion_adapters.c,392,shared C algorithms and static callers; complete invocation replay,matrix_family: 630/630 cases match (0 skipped) - PASS; strict registers/XF/FPUL/GBR/return-PC/RAM; >=2 scenarios; see docs/re/motion_batch.md
0x8c08bcf8,ported-invocation,src/fight/fight_adapters.c,366,shared C algorithms and static callers; complete invocation replay,matrix_family: 256/256 cases match (0 skipped) - PASS; strict registers/XF/FPUL/GBR/return-PC/RAM; >=2 scenarios; see docs/re/fight_batch.md
0x8c08bf0e,ported-invocation,src/fight/motion_adapters.c,142,shared C algorithms and static callers; complete invocation replay,matrix_family: 442/442 cases match (0 skipped) - PASS; strict registers/XF/FPUL/GBR/return-PC/RAM; >=2 scenarios; see docs/re/motion_batch.md
0x8c08c0f8,ported,src/fight/fight_adapters.c,54,capture-driven port,matrix_family: 64 cases from fight_release_cases corpus - PASS (body cover 85.2%); see docs/re/twelfth_coverage_batch.md
0x8c08c132,ported,src/fight/fight_adapters.c,48,capture-driven port,matrix_family: 64 cases from fight_release_cases corpus - PASS (body cover 87.5%); see docs/re/twelfth_coverage_batch.md
0x8c08c162,ported,src/fight/fight_adapters.c,56,capture-driven port,matrix_family: 64 dev + 21 hold strict cases (85 total) - PASS; strict replay 64 dev + 21 hold strict cases (85 total)
0x8c08c1bc,ported-invocation,src/fight/motion_adapters.c,128,shared C algorithms and static callers; complete invocation replay,matrix_family: 411/411 cases match (0 skipped) - PASS; strict registers/XF/FPUL/GBR/return-PC/RAM; >=2 scenarios; see docs/re/motion_batch.md
0x8c08c240,ported-invocation,src/fight/fight_adapters.c,204,shared C algorithms and static callers; complete invocation replay,matrix_family: 254/254 cases match (0 skipped) - PASS; strict registers/XF/FPUL/GBR/return-PC/RAM; >=2 scenarios; see docs/re/fight_batch.md
0x8c08c494,ported,src/fight/unknown.c,86,capture-driven port,partial-cover promotion: 64 cases from fifth_leaf_dev_v6_cases corpus - PASS (body cover 39.5%); see docs/re/fourteenth_coverage_batch.md
0x8c08c51a,ported,src/fight/unknown.c,72,capture-driven port,partial-cover promotion: 64 cases from fifth_leaf_dev_v6_cases corpus - PASS (body cover 50.0%); see docs/re/fourteenth_coverage_batch.md
0x8c08c588,ported-invocation,src/fight/fight_adapters.c,288,shared C algorithms and static callers; complete invocation replay,matrix_family: 256/256 cases match (0 skipped) - PASS; strict registers/XF/FPUL/GBR/return-PC/RAM; >=2 scenarios; see docs/re/fight_batch.md
0x8c08c788,ported,src/fight/c788.c,120,transliteration,tests/c788_replay.c PASS 4x64 paired register+RAM cases including success remainder and divide-by-zero paths
0x8c08c83a,ported-invocation,src/fight/fifth_adapters.c,170,static original-image C control flow; complete invocation replay,"matrix_family: 78/78 development strict; 26/26 holdout strict; 115/115 fresh strict; zero skips, zero OOB; >=2 scenarios; full registers/banked/XF/FPUL/GBR/return-PC/RAM; see docs/re/eighth_coverage_batch.md"
0x8c08c9a0,ported-invocation,src/fight/next_adapters.c,270,shared C algorithms and static callers; complete invocation and device-tape replay,matrix_family: 64/64 cases match (0 skipped) - PASS; held-out and fresh replay; strict registers/XF/FPUL/GBR/return-PC/RAM/device access; see docs/re/next_coverage_batch.md
0x8c08cc48,ported,src/fight/motion_adapters.c,70,capture-driven port,matrix_family: 4 strict cases from fifth_leaf_dev_v6_cases - PASS; see docs/re/tenth_coverage_batch.md
0x8c08cc98,ported,src/fight/motion_adapters.c,66,capture-driven port,matrix_family: 8 strict cases from fifth_leaf_dev_v6_cases - PASS; see docs/re/tenth_coverage_batch.md
0x8c08ccfc,ported,src/fight/phase1_adapters.c,160,capture-driven port,matrix_family: 3 dev + 3 hold + 3 fresh strict cases - PASS; strict replay 3 dev + 3 hold + 3 fresh strict cases
0x8c08cdc4,ported,src/fight/unknown.c,162,capture-driven port,partial-cover promotion: 25 cases from fifth_primary_cases corpus - PASS (body cover 63.0%); see docs/re/fourteenth_coverage_batch.md
0x8c08d0b4,ported,src/fight/fight_adapters.c,58,capture-driven port,matrix_family: 64 dev + 64 hold strict cases (128 total) - PASS; strict replay 64 dev + 64 hold strict cases (128 total)
0x8c08d0fa,ported,src/fight/d0fa.c,68,transliteration,tests/d0fa_replay.c PASS 64/64 paired register+RAM cases
0x8c08d158,ported-invocation,src/fight/fifth_adapters_2.c,0,static original-image C control flow; complete invocation replay,"matrix_family: 192/192 development strict; 377/377 holdout strict; 383/383 fresh strict; zero skips, zero OOB; >=2 scenarios; full registers/banked/XF/FPUL/GBR/return-PC/RAM; see docs/re/eighth_coverage_batch.md"
0x8c08d8e0,ported-invocation,src/fight/device_adapters.c,170,shared C algorithms and static callers; complete invocation and device-tape replay,matrix_family: 459/459 cases match (0 skipped) - PASS; held-out and fresh replay; strict registers/XF/FPUL/GBR/return-PC/RAM/device access; see docs/re/next_coverage_batch.md
0x8c08d9ca,ported,src/fight/device_adapters.c,42,capture-driven port,matrix_family: 4 hold strict cases - PASS; strict replay 4 hold strict cases
0x8c08d9f8,ported,src/fight/device_adapters.c,84,capture-driven port,matrix_family: 63 strict cases from fifth_leaf_dev_v6_cases - PASS; see docs/re/tenth_coverage_batch.md
0x8c08daa4,ported,src/fight/device_adapters.c,54,capture-driven port,matrix_family: 46 strict cases from fifth_leaf_holdout_v6_cases - PASS; see docs/re/tenth_coverage_batch.md
0x8c08dafa,ported-invocation,src/fight/device_adapters.c,118,shared C algorithms and static callers; complete invocation and device-tape replay,matrix_family: 368/368 cases match (0 skipped) - PASS; held-out and fresh replay; strict registers/XF/FPUL/GBR/return-PC/RAM/device access; see docs/re/next_coverage_batch.md
0x8c08db78,ported,src/fight/device_adapters.c,108,capture-driven port,matrix_family: 88 strict cases from fifth_combined_cases - PASS; see docs/re/tenth_coverage_batch.md
0x8c08dd1a,ported-invocation,src/fight/motion_adapters.c,152,shared C algorithms and static callers; complete invocation replay,matrix_family: 331/331 cases match (0 skipped) - PASS; strict registers/XF/FPUL/GBR/return-PC/RAM; >=2 scenarios; see docs/re/motion_batch.md
0x8c08dddc,ported-invocation,src/fight/motion_adapters.c,266,shared C algorithms and static callers; complete invocation replay,matrix_family: 175/175 cases match (0 skipped) - PASS; strict registers/XF/FPUL/GBR/return-PC/RAM; >=2 scenarios; see docs/re/motion_batch.md
0x8c08def0,ported-invocation,src/fight/device_adapters.c,208,shared C algorithms and static callers; complete invocation and device-tape replay,matrix_family: 459/459 cases match (0 skipped) - PASS; held-out and fresh replay; strict registers/XF/FPUL/GBR/return-PC/RAM/device access; see docs/re/next_coverage_batch.md
0x8c08e5ce,ported,src/fight/vf3_motion_final_adapter.c,162,capture-driven port,matrix_final: 1 strict cases from motion_final corpus - PASS; see docs/re/eleventh_coverage_batch.md
0x8c08e6a8,ported-invocation,src/fight/fight_adapters.c,544,shared C algorithms and static callers; complete invocation replay,matrix_family: 256/256 cases match (0 skipped) - PASS; strict registers/XF/FPUL/GBR/return-PC/RAM; >=2 scenarios; see docs/re/fight_batch.md
0x8c08ebd4,ported,src/fight/vf3_fifth_leaf_unowned_adapter.c,36,capture-driven port,fifth_leaf_unowned: 1 strict cases from fifth_leaf_holdout_v6_cases corpus - PASS; see docs/re/eleventh_coverage_batch.md
0x8c08ebec,ported,src/fight/vf3_fifth_leaf_unowned_adapter.c,20,capture-driven port,fifth_leaf_unowned: 1 strict cases from fifth_leaf_holdout_v6_cases corpus - PASS; see docs/re/eleventh_coverage_batch.md
0x8c08ec14,ported-invocation,src/fight/fight_adapters.c,312,shared C algorithms and static callers; complete invocation replay,matrix_family: 334/334 cases match (0 skipped) - PASS; strict registers/XF/FPUL/GBR/return-PC/RAM; >=2 scenarios; see docs/re/fight_batch.md
0x8c090f86,ported,src/fight/vf3_fifth_leaf_unowned_adapter.c,58,capture-driven port,fifth_leaf_unowned: 1 strict cases from fifth_leaf_holdout_v6_cases corpus - PASS; see docs/re/eleventh_coverage_batch.md
0x8c09132e,ported-invocation,src/fight/matrix_adapters.c,220,static C caller plus shared matrix/vector algorithms; complete invocation replay,matrix_family: 1/1 cases match (0 skipped) - PASS; strict full registers/XF/FPUL/GBR/return-PC/RAM; see docs/re/matrix_batch.md
0x8c09144e,ported-invocation,src/fight/matrix_adapters.c,766,static C caller plus shared matrix/vector algorithms; complete invocation replay,matrix_family: 130/130 cases match (0 skipped) - PASS; strict full registers/XF/FPUL/GBR/return-PC/RAM; see docs/re/matrix_batch.md
0x8c09183a,ported,src/fight/unknown.c,298,capture-driven port,partial-cover promotion: 60 cases from fifth_leaf_dev_v6_cases corpus - PASS (body cover 57.0%); see docs/re/fourteenth_coverage_batch.md
0x8c091b60,ported,src/fight/motion_adapters.c,148,capture-driven port,matrix_family: 4 dev + 4 fresh strict cases - PASS; strict replay 4 dev + 4 fresh strict cases
0x8c091c3a,ported-invocation,src/fight/device_adapters.c,344,shared C algorithms and static callers; complete invocation and device-tape replay,matrix_family: 395/395 cases match (0 skipped) - PASS; held-out and fresh replay; strict registers/XF/FPUL/GBR/return-PC/RAM/device access; see docs/re/next_coverage_batch.md
0x8c091dbe,ported-invocation,src/fight/fifth_leaf_adapters.c,40,shared C algorithms and static callers; complete invocation and device-tape replay,matrix_family: 128/128 cases match (0 skipped) - PASS; held-out and fresh replay; strict registers/banked/XF/FPUL/GBR/return-PC/RAM/device access; see docs/re/fifth_coverage_batch.md
0x8c092270,ported-invocation,src/fight/fifth_leaf_adapters.c,36,shared C algorithms and static callers; complete invocation and device-tape replay,matrix_family: 110/110 cases match (0 skipped) - PASS; held-out and fresh replay; strict registers/banked/XF/FPUL/GBR/return-PC/RAM/device access; see docs/re/fifth_coverage_batch.md
0x8c0922a8,ported-invocation,src/fight/fight_adapters.c,420,shared C algorithms and static callers; complete invocation replay,matrix_family: 384/384 cases match (0 skipped) - PASS; strict registers/XF/FPUL/GBR/return-PC/RAM; >=2 scenarios; see docs/re/fight_batch.md
0x8c0924d0,ported-invocation,src/fight/next_adapters.c,112,shared C algorithms and static callers; complete invocation and device-tape replay,matrix_family: 607/607 cases match (0 skipped) - PASS; held-out and fresh replay; strict registers/XF/FPUL/GBR/return-PC/RAM/device access; see docs/re/next_coverage_batch.md
0x8c092550,ported-invocation,src/fight/fifth_leaf_adapters.c,26,shared C algorithms and static callers; complete invocation and device-tape replay,matrix_family: 128/128 cases match (0 skipped) - PASS; held-out and fresh replay; strict registers/banked/XF/FPUL/GBR/return-PC/RAM/device access; see docs/re/fifth_coverage_batch.md
0x8c092690,ported-invocation,src/fight/motion_adapters.c,160,shared C algorithms and static callers; complete invocation replay,matrix_family: 948/948 cases match (0 skipped) - PASS; strict registers/XF/FPUL/GBR/return-PC/RAM; >=2 scenarios; see docs/re/motion_batch.md
0x8c0926cc,ported-invocation,src/fight/motion_adapters.c,242,shared C algorithms and static callers; complete invocation replay,matrix_family: 402/402 cases match (0 skipped) - PASS; strict registers/XF/FPUL/GBR/return-PC/RAM; >=2 scenarios; see docs/re/motion_batch.md
0x8c0927fa,ported-invocation,src/fight/motion_adapters.c,556,shared C algorithms and static callers; complete invocation replay,matrix_family: 738/738 cases match (0 skipped) - PASS; strict registers/XF/FPUL/GBR/return-PC/RAM; >=2 scenarios; see docs/re/motion_batch.md
0x8c092abe,ported,src/fight/tailcall.c,24,oracle-verified,tailcall_abe_replay 8/8 PASS
0x8c092b8c,ported-invocation,src/fight/fifth_leaf_adapters.c,52,shared C algorithms and static callers; complete invocation and device-tape replay,matrix_family: 128/128 cases match (0 skipped) - PASS; held-out and fresh replay; strict registers/banked/XF/FPUL/GBR/return-PC/RAM/device access; see docs/re/fifth_coverage_batch.md
0x8c092bc6,ported,src/fight/scaler3.c,76,oracle-verified (RAM shadow diff),scaler3_replay 8/8 PASS
0x8c092c16,ported-invocation,src/fight/fifth_leaf_adapters.c,32,shared C algorithms and static callers; complete invocation and device-tape replay,matrix_family: 128/128 cases match (0 skipped) - PASS; held-out and fresh replay; strict registers/banked/XF/FPUL/GBR/return-PC/RAM/device access; see docs/re/fifth_coverage_batch.md
0x8C092C36,ported-invocation,src/fight/seventh_c13_adapters.c,8,static original-image C control flow; complete invocation replay,4 distinct development cases; docs/re/seventh_coverage_batch.md
0x8c092c4c,ported-invocation,src/fight/motion_adapters.c,498,shared C algorithms and static callers; complete invocation replay,matrix_family: 1056/1056 cases match (0 skipped) - PASS; strict registers/XF/FPUL/GBR/return-PC/RAM; >=2 scenarios; see docs/re/motion_batch.md
0x8c092ebc,ported-invocation,src/fight/fifth_leaf_adapters.c,76,shared C algorithms and static callers; complete invocation and device-tape replay,matrix_family: 128/128 cases match (0 skipped) - PASS; held-out and fresh replay; strict registers/banked/XF/FPUL/GBR/return-PC/RAM/device access; see docs/re/fifth_coverage_batch.md
0x8c092f12,ported,src/fight/tailcall.c,10,oracle-verified,RAM+register replay expanded to 64/64 paired cases over 2 windows (tests/tailcall_replay.c)
0x8c0930b6,ported,src/fight/fvecadd.c,30,oracle-verified (RAM shadow diff),fvecadd_replay 8/8 PASS
0x8c0930d4,ported,src/fight/fvectail.c,10,oracle-verified (RAM shadow diff),"fvectail_replay 64/64 PASS (624 pairs / 64 unique / 64 RAM cases, 1 stack window; r4/r15/fr15 from port, rest forced)"
0x8c09313c,ported-invocation,src/fight/fight_adapters.c,32,static original-image C control flow; complete invocation replay,"matrix_family: 64/64 development strict; 128/128 holdout strict; 64/64 fresh strict; zero skips, zero OOB; >=2 scenarios; full registers/banked/XF/FPUL/GBR/return-PC/RAM; see docs/re/eighth_coverage_batch.md"
0x8c09315c,ported-invocation,src/fight/fight_adapters.c,32,static original-image C control flow; complete invocation replay,"matrix_family: 64/64 development strict; 128/128 holdout strict; 64/64 fresh strict; zero skips, zero OOB; >=2 scenarios; full registers/banked/XF/FPUL/GBR/return-PC/RAM; see docs/re/eighth_coverage_batch.md"
0x8c09318e,ported-invocation,src/fight/fifth_leaf_adapters.c,58,shared C algorithms and static callers; complete invocation and device-tape replay,matrix_family: 128/128 cases match (0 skipped) - PASS; held-out and fresh replay; strict registers/banked/XF/FPUL/GBR/return-PC/RAM/device access; see docs/re/fifth_coverage_batch.md
0x8c093270,ported,src/fight/unknown.c,244,capture-driven port,partial-cover promotion: 8 cases from motion_release_cases corpus - PASS (body cover 60.7%); see docs/re/fourteenth_coverage_batch.md
0x8c09342a,ported-invocation,src/fight/fight_adapters.c,270,shared C algorithms and static callers; complete invocation replay,matrix_family: 384/384 cases match (0 skipped) - PASS; strict registers/XF/FPUL/GBR/return-PC/RAM; >=2 scenarios; see docs/re/fight_batch.md
0x8c093642,ported-invocation,src/fight/motion_adapters.c,272,shared C algorithms and static callers; complete invocation replay,matrix_family: 1056/1056 cases match (0 skipped) - PASS; strict registers/XF/FPUL/GBR/return-PC/RAM; >=2 scenarios; see docs/re/motion_batch.md
0x8c093794,ported-invocation,src/fight/fifth_leaf_adapters.c,78,shared C algorithms and static callers; complete invocation and device-tape replay,matrix_family: 127/127 cases match (0 skipped) - PASS; held-out and fresh replay; strict registers/banked/XF/FPUL/GBR/return-PC/RAM/device access; see docs/re/fifth_coverage_batch.md
0x8c0937e6,ported-invocation,src/fight/fifth_leaf_adapters.c,26,shared C algorithms and static callers; complete invocation and device-tape replay,matrix_family: 127/127 cases match (0 skipped) - PASS; held-out and fresh replay; strict registers/banked/XF/FPUL/GBR/return-PC/RAM/device access; see docs/re/fifth_coverage_batch.md
0x8c093800,ported-invocation,src/fight/fifth_leaf_adapters.c,30,shared C algorithms and static callers; complete invocation and device-tape replay,matrix_family: 127/127 cases match (0 skipped) - PASS; held-out and fresh replay; strict registers/banked/XF/FPUL/GBR/return-PC/RAM/device access; see docs/re/fifth_coverage_batch.md
0x8C09381E,ported-invocation,src/fight/seventh_c12_adapters.c,12,static original-image C control flow; complete invocation replay,4 distinct development cases; docs/re/seventh_coverage_batch.md
0x8c093844,ported-invocation,src/fight/next_adapters.c,104,shared C algorithms and static callers; complete invocation and device-tape replay,matrix_family: 966/966 cases match (0 skipped) - PASS; held-out and fresh replay; strict registers/XF/FPUL/GBR/return-PC/RAM/device access; see docs/re/next_coverage_batch.md
0x8c0938ac,ported-invocation,src/fight/fifth_leaf_adapters.c,62,shared C algorithms and static callers; complete invocation and device-tape replay,matrix_family: 128/128 cases match (0 skipped) - PASS; held-out and fresh replay; strict registers/banked/XF/FPUL/GBR/return-PC/RAM/device access; see docs/re/fifth_coverage_batch.md
0x8c0938ea,ported-invocation,src/fight/fifth_leaf_adapters.c,30,shared C algorithms and static callers; complete invocation and device-tape replay,matrix_family: 128/128 cases match (0 skipped) - PASS; held-out and fresh replay; strict registers/banked/XF/FPUL/GBR/return-PC/RAM/device access; see docs/re/fifth_coverage_batch.md
0x8c093908,ported-invocation,src/fight/fifth_leaf_adapters.c,38,shared C algorithms and static callers; complete invocation and device-tape replay,matrix_family: 128/128 cases match (0 skipped) - PASS; held-out and fresh replay; strict registers/banked/XF/FPUL/GBR/return-PC/RAM/device access; see docs/re/fifth_coverage_batch.md
0x8c09392e,ported-invocation,src/fight/fifth_leaf_adapters.c,72,shared C algorithms and static callers; complete invocation and device-tape replay,matrix_family: 128/128 cases match (0 skipped) - PASS; held-out and fresh replay; strict registers/banked/XF/FPUL/GBR/return-PC/RAM/device access; see docs/re/fifth_coverage_batch.md
0x8c09397c,ported-invocation,src/fight/motion_adapters.c,136,shared C algorithms and static callers; complete invocation replay,matrix_family: 923/923 cases match (0 skipped) - PASS; strict registers/XF/FPUL/GBR/return-PC/RAM; >=2 scenarios; see docs/re/motion_batch.md
0x8c093a16,ported-invocation,src/fight/fifth_leaf_adapters.c,30,shared C algorithms and static callers; complete invocation and device-tape replay,matrix_family: 128/128 cases match (0 skipped) - PASS; held-out and fresh replay; strict registers/banked/XF/FPUL/GBR/return-PC/RAM/device access; see docs/re/fifth_coverage_batch.md
0x8c093a34,ported-invocation,src/fight/fifth_leaf_adapters.c,58,shared C algorithms and static callers; complete invocation and device-tape replay,matrix_family: 128/128 cases match (0 skipped) - PASS; held-out and fresh replay; strict registers/banked/XF/FPUL/GBR/return-PC/RAM/device access; see docs/re/fifth_coverage_batch.md
0x8c093ad0,ported-invocation,src/fight/fifth_leaf_adapters.c,76,shared C algorithms and static callers; complete invocation and device-tape replay,matrix_family: 128/128 cases match (0 skipped) - PASS; held-out and fresh replay; strict registers/banked/XF/FPUL/GBR/return-PC/RAM/device access; see docs/re/fifth_coverage_batch.md
0x8c093b22,ported-invocation,src/fight/fifth_leaf_adapters.c,28,shared C algorithms and static callers; complete invocation and device-tape replay,matrix_family: 128/128 cases match (0 skipped) - PASS; held-out and fresh replay; strict registers/banked/XF/FPUL/GBR/return-PC/RAM/device access; see docs/re/fifth_coverage_batch.md
0x8c093b3e,ported-invocation,src/fight/fifth_leaf_adapters.c,22,shared C algorithms and static callers; complete invocation and device-tape replay,matrix_family: 128/128 cases match (0 skipped) - PASS; held-out and fresh replay; strict registers/banked/XF/FPUL/GBR/return-PC/RAM/device access; see docs/re/fifth_coverage_batch.md
0x8c093b58,ported,src/fight/motion_adapters.c,50,capture-driven port,matrix_family: 3 strict cases from fifth_leaf_fresh_v6_cases - PASS; see docs/re/tenth_coverage_batch.md
0x8c093b98,ported,src/fight/motion_adapters.c,54,capture-driven port,matrix_family: 3 strict cases from fifth_leaf_fresh_v6_cases - PASS; see docs/re/tenth_coverage_batch.md
0x8c093bfa,ported,src/fight/motion_adapters.c,152,capture-driven port,matrix_family: 3 dev + 4 fresh strict cases - PASS; strict replay 3 dev + 4 fresh strict cases
0x8c0940d8,ported-invocation,src/fight/device_adapters.c,124,shared C algorithms and static callers; complete invocation and device-tape replay,matrix_family: 450/450 cases match (0 skipped) - PASS; held-out and fresh replay; strict registers/XF/FPUL/GBR/return-PC/RAM/device access; see docs/re/next_coverage_batch.md
0x8c094162,ported-invocation,src/fight/device_adapters.c,180,shared C algorithms and static callers; complete invocation and device-tape replay,matrix_family: 451/451 cases match (0 skipped) - PASS; held-out and fresh replay; strict registers/XF/FPUL/GBR/return-PC/RAM/device access; see docs/re/next_coverage_batch.md
0x8c094372,ported,src/fight/device_adapters.c,212,capture-driven port,matrix_family: 127 strict cases from fifth_combined_cases - PASS; see docs/re/tenth_coverage_batch.md
0x8c0944a4,ported,src/fight/device_adapters.c,78,capture-driven port,matrix_family: 64 cases from fifth_combined_cases corpus - PASS (body cover 89.7%); see docs/re/twelfth_coverage_batch.md
0x8c09518c,ported,src/fight/motion_model_selection.c,70,readable style model selection,full 70-byte body: 510 development and 512 independent acceptance inputs strict PASS; replaces historical partial proof with no new byte credit
0x8c09553c,ported,src/fight/fpucb.c,70,oracle-verified (RAM shadow diff),"fpucb_replay 64/64 PASS (64 pairs / 64 RAM cases, nested U1 port calls; off-baseline gap unit U2)"
0x8c09553e,ported-invocation,src/fight/fifth_leaf_adapters.c,70,shared C algorithms and static callers; complete invocation and device-tape replay,matrix_family: 128/128 cases match (0 skipped) - PASS; held-out and fresh replay; strict registers/banked/XF/FPUL/GBR/return-PC/RAM/device access; see docs/re/fifth_coverage_batch.md
0x8c0955b0,ported-invocation,src/fight/matrix_adapters.c,84,static C caller plus shared matrix/vector algorithms; complete invocation replay,matrix_family: 99/99 cases match (0 skipped) - PASS; strict full registers/XF/FPUL/GBR/return-PC/RAM; see docs/re/matrix_batch.md
0x8c095608,ported-invocation,src/fight/fifth_leaf_adapters.c,70,shared C algorithms and static callers; complete invocation and device-tape replay,matrix_family: 128/128 cases match (0 skipped) - PASS; held-out and fresh replay; strict registers/banked/XF/FPUL/GBR/return-PC/RAM/device access; see docs/re/fifth_coverage_batch.md
0x8c095652,ported-invocation,src/fight/fifth_leaf_adapters.c,76,shared C algorithms and static callers; complete invocation and device-tape replay,matrix_family: 128/128 cases match (0 skipped) - PASS; held-out and fresh replay; strict registers/banked/XF/FPUL/GBR/return-PC/RAM/device access; see docs/re/fifth_coverage_batch.md
0x8c096258,ported,src/fight/f096258.c,178,transliteration,tests/f096258_replay.c PASS 128/128 paired register+RAM cases across three states and five RAM windows
0x8c096d62,ported-invocation,src/fight/motion_adapters.c,134,shared C algorithms and static callers; complete invocation replay,matrix_family: 259/259 cases match (0 skipped) - PASS; strict registers/XF/FPUL/GBR/return-PC/RAM; >=2 scenarios; see docs/re/motion_batch.md
0x8c096dc2,ported,src/fight/vf3_fifth_leaf_unowned_adapter.c,36,capture-driven port,fifth_leaf_unowned: 1 strict cases from fifth_leaf_holdout_v6_cases corpus - PASS; see docs/re/eleventh_coverage_batch.md
0x8C096F74,ported-invocation,src/fight/seventh_c8_adapters.c,36,static original-image C control flow; complete invocation replay,5 distinct development cases; docs/re/seventh_coverage_batch.md
0x8c097042,ported,src/fight/vf3_fifth_leaf_extra_adapter.c,28,capture-driven port,fifth_leaf_extra: 128 cases from fifth_leaf_holdout_v6_cases corpus - PASS; see docs/re/thirteenth_coverage_batch.md
0x8c0971d2,ported-invocation,src/fight/next_adapters.c,118,shared C algorithms and static callers; complete invocation and device-tape replay,matrix_family: 376/376 cases match (0 skipped) - PASS; held-out and fresh replay; strict registers/XF/FPUL/GBR/return-PC/RAM/device access; see docs/re/next_coverage_batch.md
0x8c09d42c,ported-invocation,src/fight/fifth_leaf_adapters.c,38,shared C algorithms and static callers; complete invocation and device-tape replay,matrix_family: 128/128 cases match (0 skipped) - PASS; held-out and fresh replay; strict registers/banked/XF/FPUL/GBR/return-PC/RAM/device access; see docs/re/fifth_coverage_batch.md
0x8c09d452,ported,src/fight/sh4_matrix.c,46,transliteration,tests/d452_replay.c PASS 512/512 paired register+RAM+XF cases at the C6C0 tail-transfer boundary
0x8c09d480,ported-invocation,src/fight/matrix_adapters.c,48,static C caller plus shared matrix/vector algorithms; complete invocation replay,matrix_family: 192/192 cases match (0 skipped) - PASS; strict full registers/XF/FPUL/GBR/return-PC/RAM; see docs/re/matrix_batch.md
0x8c09d4b0,ported-invocation,src/fight/fifth_leaf_adapters.c,54,shared C algorithms and static callers; complete invocation and device-tape replay,matrix_family: 128/128 cases match (0 skipped) - PASS; held-out and fresh replay; strict registers/banked/XF/FPUL/GBR/return-PC/RAM/device access; see docs/re/fifth_coverage_batch.md
0x8c09d4ee,ported-invocation,src/fight/fifth_leaf_adapters.c,64,shared C algorithms and static callers; complete invocation and device-tape replay,matrix_family: 128/128 cases match (0 skipped) - PASS; held-out and fresh replay; strict registers/banked/XF/FPUL/GBR/return-PC/RAM/device access; see docs/re/fifth_coverage_batch.md
0x8c09d52e,ported-invocation,src/fight/fifth_leaf_adapters.c,38,shared C algorithms and static callers; complete invocation and device-tape replay,matrix_family: 128/128 cases match (0 skipped) - PASS; held-out and fresh replay; strict registers/banked/XF/FPUL/GBR/return-PC/RAM/device access; see docs/re/fifth_coverage_batch.md
0x8c09d554,ported-invocation,src/fight/fifth_leaf_adapters.c,38,shared C algorithms and static callers; complete invocation and device-tape replay,matrix_family: 128/128 cases match (0 skipped) - PASS; held-out and fresh replay; strict registers/banked/XF/FPUL/GBR/return-PC/RAM/device access; see docs/re/fifth_coverage_batch.md
0x8c09d690,ported,src/fight/mt_play.c,390,transliteration,tests/mt_vm_interp.c PASS
0x8c09d9ec,ported,src/fight/d9ec.c,50,transliteration,tests/d9ec_replay.c PASS 64/64 paired register+RAM+XF cases; three observed FSCA angles and identity-XF path only
0x8c09da22,ported-invocation,src/fight/fifth_leaf_adapters.c,80,shared C algorithms and static callers; complete invocation and device-tape replay,matrix_family: 128/128 cases match (0 skipped) - PASS; held-out and fresh replay; strict registers/banked/XF/FPUL/GBR/return-PC/RAM/device access; see docs/re/fifth_coverage_batch.md
0x8c09da86,ported-invocation,src/fight/matrix_adapters.c,274,static C caller plus shared matrix/vector algorithms; complete invocation replay,matrix_family: 192/192 cases match (0 skipped) - PASS; strict full registers/XF/FPUL/GBR/return-PC/RAM; see docs/re/matrix_batch.md
0x8c09dbc0,ported-invocation,src/fight/fifth_leaf_adapters.c,38,shared C algorithms and static callers; complete invocation and device-tape replay,matrix_family: 128/128 cases match (0 skipped) - PASS; held-out and fresh replay; strict registers/banked/XF/FPUL/GBR/return-PC/RAM/device access; see docs/re/fifth_coverage_batch.md
0x8c09dc3c,ported-invocation,src/fight/matrix_adapters.c,160,static C caller plus shared matrix/vector algorithms; complete invocation replay,matrix_family: 192/192 cases match (0 skipped) - PASS; strict full registers/XF/FPUL/GBR/return-PC/RAM; see docs/re/matrix_batch.md
0x8c09dcea,ported-invocation,src/fight/matrix_adapters.c,710,static C caller plus shared matrix/vector algorithms; complete invocation replay,matrix_family: 192/192 cases match (0 skipped) - PASS; strict full registers/XF/FPUL/GBR/return-PC/RAM; see docs/re/matrix_batch.md
0x8c09e078,ported-invocation,src/fight/matrix_adapters.c,826,static C caller plus shared matrix/vector algorithms; complete invocation replay,matrix_family: 192/192 cases match (0 skipped) - PASS; strict full registers/XF/FPUL/GBR/return-PC/RAM; see docs/re/matrix_batch.md
0x8c09e42c,ported-invocation,src/fight/matrix_adapters.c,126,static C caller plus shared matrix/vector algorithms; complete invocation replay,matrix_family: 192/192 cases match (0 skipped) - PASS; strict full registers/XF/FPUL/GBR/return-PC/RAM; see docs/re/matrix_batch.md
0x8c09e4d0,ported-invocation,src/fight/matrix_adapters.c,408,static C caller plus shared matrix/vector algorithms; complete invocation replay,matrix_family: 192/192 cases match (0 skipped) - PASS; strict full registers/XF/FPUL/GBR/return-PC/RAM; see docs/re/matrix_batch.md
0x8c09e6c8,ported-invocation,src/fight/matrix_adapters.c,778,static C caller plus shared matrix/vector algorithms; complete invocation replay,matrix_family: 192/192 cases match (0 skipped) - PASS; strict full registers/XF/FPUL/GBR/return-PC/RAM; see docs/re/matrix_batch.md
0x8c09eaf2,ported-invocation,src/fight/matrix_adapters.c,656,static C caller plus shared matrix/vector algorithms; complete invocation replay,matrix_family: 192/192 cases match (0 skipped) - PASS; strict full registers/XF/FPUL/GBR/return-PC/RAM; see docs/re/matrix_batch.md
0x8c09ee26,ported-invocation,src/fight/fight_adapters.c,346,shared C algorithms and static callers; complete invocation replay,matrix_family: 277/277 cases match (0 skipped) - PASS; strict registers/XF/FPUL/GBR/return-PC/RAM; >=2 scenarios; see docs/re/fight_batch.md
0x8c09f036,ported-invocation,src/fight/fifth_leaf_adapters.c,32,shared C algorithms and static callers; complete invocation and device-tape replay,matrix_family: 92/92 cases match (0 skipped) - PASS; held-out and fresh replay; strict registers/banked/XF/FPUL/GBR/return-PC/RAM/device access; see docs/re/fifth_coverage_batch.md
0x8c09f076,ported-invocation,src/fight/matrix_adapters.c,232,static C caller plus shared matrix/vector algorithms; complete invocation replay,matrix_family: 4/4 cases match (0 skipped) - PASS; strict full registers/XF/FPUL/GBR/return-PC/RAM; see docs/re/matrix_batch.md
0x8c09f354,ported,src/fight/f9f354.c,220,oracle-verified (RAM shadow diff),f9f354_replay 43/43 PASS (paired register+RAM over 8 windows; 18 vector iterations and finishing vectors)
0x8c09f440,ported-invocation,src/fight/motion_adapters.c,166,shared C algorithms and static callers; complete invocation replay,matrix_family: 540/540 cases match (0 skipped) - PASS; strict registers/XF/FPUL/GBR/return-PC/RAM; >=2 scenarios; see docs/re/motion_batch.md
0x8c09f6dc,ported,src/fight/f9f6dc.c,32,oracle-verified (RAM shadow diff),f9f6dc_replay 18/18 PASS (paired register+RAM; 14 helper calls per case)
0x8c09f9a8,ported,src/fight/f9f9a8.c,46,oracle-verified (RAM shadow diff),f9f9a8_replay 64/64 PASS; signed guard and 17 FPU continuations through verified 0x8C09F354 helper
0x8c09f9fc,ported-invocation,src/fight/fight_adapters.c,342,shared C algorithms and static callers; complete invocation replay,matrix_family: 391/391 cases match (0 skipped) - PASS; strict registers/XF/FPUL/GBR/return-PC/RAM; >=2 scenarios; see docs/re/fight_batch.md
0x8c09fcfc,ported-invocation,src/fight/next_adapters.c,314,shared C algorithms and static callers; complete invocation and device-tape replay,matrix_family: 82/82 cases match (0 skipped) - PASS; held-out and fresh replay; strict registers/XF/FPUL/GBR/return-PC/RAM/device access; see docs/re/next_coverage_batch.md
0x8c09fe7a,ported,src/fight/vf3_motion_final_adapter.c,132,capture-driven port,matrix_final: 1 strict cases from motion_final corpus - PASS; see docs/re/eleventh_coverage_batch.md
0x8c0a041e,ported,src/fight/fifth_adapters.c,38,capture-driven port,matrix_family: 64 strict cases from fifth_leaf_dev_cases - PASS; see docs/re/tenth_coverage_batch.md
0x8c0a0464,ported-invocation,src/fight/device_adapters.c,120,shared C algorithms and static callers; complete invocation and device-tape replay,matrix_family: 192/192 cases match (0 skipped) - PASS; held-out and fresh replay; strict registers/XF/FPUL/GBR/return-PC/RAM/device access; see docs/re/next_coverage_batch.md
0x8c0a04e2,ported-invocation,src/fight/device_adapters.c,170,shared C algorithms and static callers; complete invocation and device-tape replay,matrix_family: 191/191 cases match (0 skipped) - PASS; held-out and fresh replay; strict registers/XF/FPUL/GBR/return-PC/RAM/device access; see docs/re/next_coverage_batch.md
0x8c0a058e,ported,src/fight/fifth_adapters.c,88,capture-driven port,matrix_family: 64 cases from fifth_combined_cases corpus - PASS (body cover 81.8%); see docs/re/twelfth_coverage_batch.md
0x8c0a062c,ported,src/fight/fifth_adapters.c,200,capture-driven port,matrix_family: 63 cases from fifth_combined_cases corpus - PASS (body cover 91.0%); see docs/re/twelfth_coverage_batch.md
0x8c0a0f3a,ported,src/fight/vf3_motion_final_adapter.c,548,capture-driven port,matrix_final: 4 strict cases from motion_final corpus - PASS; see docs/re/eleventh_coverage_batch.md
0x8c0a1212,ported-invocation,src/fight/device_adapters.c,112,shared C algorithms and static callers; complete invocation and device-tape replay,matrix_family: 555/555 cases match (0 skipped) - PASS; held-out and fresh replay; strict registers/XF/FPUL/GBR/return-PC/RAM/device access; see docs/re/next_coverage_batch.md
0x8c0a2994,ported,src/fight/vf3_motion_final_adapter.c,224,capture-driven port,matrix_final: 1 strict cases from motion_final corpus - PASS; see docs/re/eleventh_coverage_batch.md
0x8c0a2c48,ported-invocation,src/fight/fifth_adapters.c,230,shared C algorithms and static callers; complete invocation and device-tape replay,matrix_family: 65/65 cases match (0 skipped) - PASS; held-out and fresh replay; strict registers/banked/XF/FPUL/GBR/return-PC/RAM/device access; see docs/re/fifth_coverage_batch.md
0x8c0a2d50,ported-invocation,src/fight/next_adapters.c,168,shared C algorithms and static callers; complete invocation and device-tape replay,matrix_family: 196/196 cases match (0 skipped) - PASS; held-out and fresh replay; strict registers/XF/FPUL/GBR/return-PC/RAM/device access; see docs/re/next_coverage_batch.md
0x8c0a30b4,ported,src/fight/vf3_motion_unowned_extra_adapter.c,328,capture-driven port,motion_unowned_extra: 2 cases from motion_final corpus - PASS; see docs/re/thirteenth_coverage_batch.md
0x8c0a3414,ported,src/fight/vf3_motion_final_adapter.c,200,capture-driven port,matrix_final: 2 strict cases from motion_final corpus - PASS; see docs/re/eleventh_coverage_batch.md
0x8c0a3696,ported,src/fight/vf3_motion_final_adapter.c,128,capture-driven port,matrix_final: 1 strict cases from motion_final corpus - PASS; see docs/re/eleventh_coverage_batch.md
0x8c0a374a,ported,src/fight/vf3_motion_final_adapter.c,144,capture-driven port,matrix_final: 1 strict cases from motion_final corpus - PASS; see docs/re/eleventh_coverage_batch.md
0x8c0a37da,ported,src/fight/vf3_motion_final_adapter.c,128,capture-driven port,matrix_final: 2 strict cases from motion_final corpus - PASS; see docs/re/eleventh_coverage_batch.md
0x8c0a396c,ported,src/fight/vf3_motion_final_adapter.c,294,capture-driven port,matrix_final: 2 strict cases from motion_final corpus - PASS; see docs/re/eleventh_coverage_batch.md
0x8c0a3c98,ported,src/fight/vf3_motion_final_adapter.c,294,capture-driven port,matrix_final: 2 strict cases from motion_final corpus - PASS; see docs/re/eleventh_coverage_batch.md
0x8c0a4012,ported,src/fight/vf3_motion_final_adapter.c,154,capture-driven port,matrix_final: 2 strict cases from motion_final corpus - PASS; see docs/re/eleventh_coverage_batch.md
0x8c0a4190,ported,src/fight/vf3_motion_final_adapter.c,170,capture-driven port,matrix_final: 2 strict cases from motion_final corpus - PASS; see docs/re/eleventh_coverage_batch.md
0x8c0a432c,ported,src/fight/vf3_motion_final_adapter.c,178,capture-driven port,matrix_final: 2 strict cases from motion_final corpus - PASS; see docs/re/eleventh_coverage_batch.md
0x8c0a4508,ported,src/fight/vf3_motion_final_adapter.c,274,capture-driven port,matrix_final: 2 strict cases from motion_final corpus - PASS; see docs/re/eleventh_coverage_batch.md
0x8c0a47d4,ported,src/fight/vf3_motion_final_adapter.c,154,capture-driven port,matrix_final: 2 strict cases from motion_final corpus - PASS; see docs/re/eleventh_coverage_batch.md
0x8c0a4948,ported,src/fight/vf3_motion_final_adapter.c,154,capture-driven port,matrix_final: 2 strict cases from motion_final corpus - PASS; see docs/re/eleventh_coverage_batch.md
0x8c0a4abc,ported,src/fight/vf3_motion_final_adapter.c,162,capture-driven port,matrix_final: 2 strict cases from motion_final corpus - PASS; see docs/re/eleventh_coverage_batch.md
0x8c0a4c44,ported,src/fight/vf3_motion_final_adapter.c,194,capture-driven port,matrix_final: 2 strict cases from motion_final corpus - PASS; see docs/re/eleventh_coverage_batch.md
0x8c0a4e18,ported,src/fight/vf3_motion_final_adapter.c,138,capture-driven port,matrix_final: 2 strict cases from motion_final corpus - PASS; see docs/re/eleventh_coverage_batch.md
0x8c0a4f90,ported,src/fight/vf3_motion_final_adapter.c,138,capture-driven port,matrix_final: 2 strict cases from motion_final corpus - PASS; see docs/re/eleventh_coverage_batch.md
0x8c0a5124,ported,src/fight/vf3_motion_final_adapter.c,362,capture-driven port,matrix_final: 2 strict cases from motion_final corpus - PASS; see docs/re/eleventh_coverage_batch.md
0x8c0a54f0,ported,src/fight/next_adapters.c,486,capture-driven port,matrix_family: 2 strict cases from motion_final_cases - PASS; see docs/re/tenth_coverage_batch.md
0x8c0a5a3c,ported,src/fight/vf3_motion_final_adapter.c,218,capture-driven port,matrix_final: 2 strict cases from motion_final corpus - PASS; see docs/re/eleventh_coverage_batch.md
0x8c0a5c8c,ported,src/fight/vf3_motion_final_adapter.c,210,capture-driven port,matrix_final: 2 strict cases from motion_final corpus - PASS; see docs/re/eleventh_coverage_batch.md
0x8c0a5ec8,ported,src/fight/vf3_motion_final_adapter.c,138,capture-driven port,matrix_final: 2 strict cases from motion_final corpus - PASS; see docs/re/eleventh_coverage_batch.md
0x8c0a6010,ported,src/fight/vf3_motion_final_adapter.c,138,capture-driven port,matrix_final: 2 strict cases from motion_final corpus - PASS; see docs/re/eleventh_coverage_batch.md
0x8c0a6158,ported,src/fight/vf3_motion_final_adapter.c,162,capture-driven port,matrix_final: 2 strict cases from motion_final corpus - PASS; see docs/re/eleventh_coverage_batch.md
0x8c0a62e0,ported,src/fight/vf3_motion_final_adapter.c,170,capture-driven port,matrix_final: 2 strict cases from motion_final corpus - PASS; see docs/re/eleventh_coverage_batch.md
0x8c0a638e,ported,src/fight/vf3_fifth_leaf_unowned_adapter.c,186,capture-driven port,fifth_leaf_unowned: 1 strict cases from motion_acceptance_cases corpus - PASS; see docs/re/eleventh_coverage_batch.md
0x8c0a71ac,ported-invocation,src/fight/matrix_adapters.c,40,static C caller plus shared matrix/vector algorithms; complete invocation replay,matrix_family: 166/166 cases match (0 skipped) - PASS; strict full registers/XF/FPUL/GBR/return-PC/RAM; see docs/re/matrix_batch.md
0x8c0a7268,ported-invocation,src/fight/matrix_adapters.c,56,static C caller plus shared matrix/vector algorithms; complete invocation replay,matrix_family: 1/1 cases match (0 skipped) - PASS; strict full registers/XF/FPUL/GBR/return-PC/RAM; see docs/re/matrix_batch.md
0x8c0a72a0,ported-invocation,src/fight/matrix_adapters.c,42,static C caller plus shared matrix/vector algorithms; complete invocation replay,matrix_family: 192/192 cases match (0 skipped) - PASS; strict full registers/XF/FPUL/GBR/return-PC/RAM; see docs/re/matrix_batch.md
0x8c0a7390,ported-invocation,src/fight/fifth_leaf_adapters.c,50,shared C algorithms and static callers; complete invocation and device-tape replay,matrix_family: 128/128 cases match (0 skipped) - PASS; held-out and fresh replay; strict registers/banked/XF/FPUL/GBR/return-PC/RAM/device access; see docs/re/fifth_coverage_batch.md
0x8c0a740e,ported-invocation,src/fight/fifth_leaf_adapters.c,48,shared C algorithms and static callers; complete invocation and device-tape replay,matrix_family: 128/128 cases match (0 skipped) - PASS; held-out and fresh replay; strict registers/banked/XF/FPUL/GBR/return-PC/RAM/device access; see docs/re/fifth_coverage_batch.md
0x8c0a7478,ported-invocation,src/fight/fifth_leaf_adapters.c,68,shared C algorithms and static callers; complete invocation and device-tape replay,matrix_family: 128/128 cases match (0 skipped) - PASS; held-out and fresh replay; strict registers/banked/XF/FPUL/GBR/return-PC/RAM/device access; see docs/re/fifth_coverage_batch.md
0x8c0a74fa,ported-invocation,src/fight/next_adapters.c,110,shared C algorithms and static callers; complete invocation and device-tape replay,matrix_family: 658/658 cases match (0 skipped) - PASS; held-out and fresh replay; strict registers/XF/FPUL/GBR/return-PC/RAM/device access; see docs/re/next_coverage_batch.md
0x8c0a7570,ported-invocation,src/fight/fifth_leaf_adapters.c,66,shared C algorithms and static callers; complete invocation and device-tape replay,matrix_family: 125/125 cases match (0 skipped) - PASS; held-out and fresh replay; strict registers/banked/XF/FPUL/GBR/return-PC/RAM/device access; see docs/re/fifth_coverage_batch.md
0x8c0a7602,ported-invocation,src/fight/fifth_adapters.c,96,shared C algorithms and static callers; complete invocation and device-tape replay,matrix_family: 526/526 cases match (0 skipped) - PASS; held-out and fresh replay; strict registers/banked/XF/FPUL/GBR/return-PC/RAM/device access; see docs/re/fifth_coverage_batch.md
0x8c0a7662,ported,src/fight/vf3_fifth_leaf_unowned_adapter.c,4,capture-driven port,fifth_leaf_unowned: 22 strict cases from next_more_cases corpus - PASS; see docs/re/eleventh_coverage_batch.md
0x8c0a7666,ported-invocation,src/fight/fifth_leaf_adapters.c,88,shared C algorithms and static callers; complete invocation and device-tape replay,matrix_family: 127/127 cases match (0 skipped) - PASS; held-out and fresh replay; strict registers/banked/XF/FPUL/GBR/return-PC/RAM/device access; see docs/re/fifth_coverage_batch.md
0x8c0a76ee,ported-invocation,src/fight/fifth_leaf_adapters.c,94,shared C algorithms and static callers; complete invocation and device-tape replay,matrix_family: 122/122 cases match (0 skipped) - PASS; held-out and fresh replay; strict registers/banked/XF/FPUL/GBR/return-PC/RAM/device access; see docs/re/fifth_coverage_batch.md
0x8c0a7750,ported,src/fight/matrix_adapters.c,32,capture-driven port,matrix_family: 60 dev + 61 hold strict cases (121 total) - PASS; strict replay 60 dev + 61 hold strict cases (121 total)
0x8c0a7798,ported,src/fight/fight_adapters.c,70,capture-driven port,matrix_family: 2 cases from fight_release_cases corpus - PASS (body cover 88.6%); see docs/re/twelfth_coverage_batch.md
0x8c0a77e2,ported-invocation,src/fight/fight_adapters.c,62,static original-image C control flow; complete invocation replay,"matrix_family: 64/64 development strict; 128/128 holdout strict; 128/128 fresh strict; zero skips, zero OOB; >=2 scenarios; full registers/banked/XF/FPUL/GBR/return-PC/RAM; see docs/re/eighth_coverage_batch.md"
0x8c0a7866,ported-invocation,src/fight/matrix_adapters.c,70,static C caller plus shared matrix/vector algorithms; complete invocation replay,matrix_family: 192/192 cases match (0 skipped) - PASS; strict full registers/XF/FPUL/GBR/return-PC/RAM; see docs/re/matrix_batch.md
0x8c0a791a,ported-invocation,src/fight/motion_adapters.c,198,shared C algorithms and static callers; complete invocation replay,matrix_family: 461/461 cases match (0 skipped) - PASS; strict registers/XF/FPUL/GBR/return-PC/RAM; >=2 scenarios; see docs/re/motion_batch.md
0x8c0a7a1c,ported,src/fight/fifth_adapters.c,194,capture-driven port,matrix_family: 24 cases from fifth_ab_cases corpus - PASS (body cover 99.0%); see docs/re/twelfth_coverage_batch.md
0x8c0a7b5a,ported-invocation,src/fight/device_adapters.c,44,static original-image C control flow; complete invocation replay,"matrix_family: 127/127 development strict; 17/17 holdout strict; 5/5 fresh strict; zero skips, zero OOB; >=2 scenarios; full registers/banked/XF/FPUL/GBR/return-PC/RAM; see docs/re/eighth_coverage_batch.md"
0x8c0a80b8,ported-invocation,src/fight/motion_adapters.c,286,shared C algorithms and static callers; complete invocation replay,matrix_family: 259/259 cases match (0 skipped) - PASS; strict registers/XF/FPUL/GBR/return-PC/RAM; >=2 scenarios; see docs/re/motion_batch.md
0x8c0a81fc,ported,src/fight/fight_adapters.c,160,capture-driven port,matrix_family: 1 cases from fight_all_cases corpus - PASS (body cover 96.2%); see docs/re/twelfth_coverage_batch.md
0X8C0A95C0,ported-invocation,src/fight/eighth_adapters.c,852,static original-image C control flow; complete invocation replay,"matrix_family: 11/11 development strict; 12/12 holdout strict; 10/10 fresh strict; zero skips, zero OOB; >=2 scenarios; full registers/banked/XF/FPUL/GBR/return-PC/RAM; see docs/re/eighth_coverage_batch.md"
0x8c0a99aa,ported-invocation,src/fight/next_adapters.c,492,shared C algorithms and static callers; complete invocation and device-tape replay,matrix_family: 382/382 cases match (0 skipped) - PASS; held-out and fresh replay; strict registers/XF/FPUL/GBR/return-PC/RAM/device access; see docs/re/next_coverage_batch.md
0x8c0a9c52,ported-invocation,src/fight/fight_adapters.c,478,shared C algorithms and static callers; complete invocation replay,matrix_family: 396/396 cases match (0 skipped) - PASS; strict registers/XF/FPUL/GBR/return-PC/RAM; >=2 scenarios; see docs/re/fight_batch.md
0x8c0a9e6a,ported-invocation,src/fight/fight_adapters.c,208,shared C algorithms and static callers; complete invocation replay,matrix_family: 400/400 cases match (0 skipped) - PASS; strict registers/XF/FPUL/GBR/return-PC/RAM; >=2 scenarios; see docs/re/fight_batch.md
0x8c0a9f62,ported-invocation,src/fight/fifth_leaf_adapters.c,72,shared C algorithms and static callers; complete invocation and device-tape replay,matrix_family: 128/128 cases match (0 skipped) - PASS; held-out and fresh replay; strict registers/banked/XF/FPUL/GBR/return-PC/RAM/device access; see docs/re/fifth_coverage_batch.md
0x8c0aa0e6,ported,src/fight/fight_adapters.c,32,capture-driven port,matrix_family: 2 strict cases from fifth_leaf_dev_v6_cases - PASS; see docs/re/tenth_coverage_batch.md
0x8c0aa208,ported,src/fight/unknown.c,436,capture-driven port,partial-cover promotion: 2 cases from next_dev_cases corpus - PASS (body cover 67.4%); see docs/re/fourteenth_coverage_batch.md
0x8c0aa426,ported,src/fight/next_adapters.c,30,capture-driven port,matrix_family: 13 cases from phase1_dev_cases corpus - PASS (body cover 86.7%); see docs/re/twelfth_coverage_batch.md
0x8c0aa446,ported,src/fight/phase2_adapters.c,48,oracle-verified (Phase 2 strict replay),phase2: 422/422 development; 503/503 held-out; 483/483 fresh; zero skips, zero OOB
0x8c0aa4b8,ported-invocation,src/fight/fifth_leaf_adapters.c,50,shared C algorithms and static callers; complete invocation and device-tape replay,matrix_family: 126/126 cases match (0 skipped) - PASS; held-out and fresh replay; strict registers/banked/XF/FPUL/GBR/return-PC/RAM/device access; see docs/re/fifth_coverage_batch.md
0x8c0aa4f2,ported-invocation,src/fight/fight_adapters.c,236,shared C algorithms and static callers; complete invocation replay,matrix_family: 177/177 cases match (0 skipped) - PASS; strict registers/XF/FPUL/GBR/return-PC/RAM; >=2 scenarios; see docs/re/fight_batch.md
0x8c0aa638,ported,src/fight/unknown.c,200,capture-driven port,partial-cover promotion: 8 cases from fifth_combined_cases corpus - PASS (body cover 43.0%); see docs/re/fourteenth_coverage_batch.md
0x8C0AA744,ported-invocation,src/fight/seventh_adapters.c,94,static original-image C control flow; complete invocation replay,4 distinct development cases; docs/re/seventh_coverage_batch.md
0x8c0aa7a8,ported,src/fight/fifth_adapters.c,68,capture-driven port,matrix_family: 10 strict cases from fifth_leaf_dev_v6_cases - PASS; see docs/re/tenth_coverage_batch.md
0x8c0aa9f0,ported,src/fight/unknown.c,214,capture-driven port,partial-cover promotion: 17 cases from fifth_combined_cases corpus - PASS (body cover 56.1%); see docs/re/fourteenth_coverage_batch.md
0x8c0aac20,ported,src/fight/unknown.c,344,capture-driven port,partial-cover promotion: 1 cases from fight_all_cases corpus - PASS (body cover 22.1%); see docs/re/fourteenth_coverage_batch.md
0x8c0aadae,ported-invocation,src/fight/fifth_adapters.c,212,shared C algorithms and static callers; complete invocation and device-tape replay,matrix_family: 93/93 cases match (0 skipped) - PASS; held-out and fresh replay; strict registers/banked/XF/FPUL/GBR/return-PC/RAM/device access; see docs/re/fifth_coverage_batch.md
0x8c0aaebe,ported,src/fight/unknown.c,180,capture-driven port,partial-cover promotion: 8 cases from fifth_ab_cases corpus - PASS (body cover 35.6%); see docs/re/fourteenth_coverage_batch.md
0x8c0aafb0,ported,src/fight/unknown.c,404,capture-driven port,partial-cover promotion: 36 cases from eighth_holdout_cases corpus - PASS (body cover 30.2%); see docs/re/fourteenth_coverage_batch.md
0x8c0ab19c,ported-invocation,src/fight/motion_adapters.c,290,shared C algorithms and static callers; complete invocation replay,matrix_family: 64/64 cases match (0 skipped) - PASS; strict registers/XF/FPUL/GBR/return-PC/RAM; >=2 scenarios; see docs/re/motion_batch.md
0X8C0AB35A,ported-invocation,src/fight/eighth_adapters.c,1118,static original-image C control flow; complete invocation replay,"matrix_family: 62/62 development strict; 9/9 holdout strict; 9/9 fresh strict; zero skips, zero OOB; >=2 scenarios; full registers/banked/XF/FPUL/GBR/return-PC/RAM; see docs/re/eighth_coverage_batch.md"
0x8c0abe84,ported-invocation,src/fight/fifth_leaf_adapters.c,36,shared C algorithms and static callers; complete invocation and device-tape replay,matrix_family: 125/125 cases match (0 skipped) - PASS; held-out and fresh replay; strict registers/banked/XF/FPUL/GBR/return-PC/RAM/device access; see docs/re/fifth_coverage_batch.md
0x8c0abeb8,ported,src/fight/unknown.c,114,capture-driven port,partial-cover promotion: 14 cases from fifth_primary_cases corpus - PASS (body cover 71.9%); see docs/re/fourteenth_coverage_batch.md
0x8c0abf54,ported,src/fight/fifth_adapters.c,86,capture-driven port,matrix_family: 6 cases from fifth_ab_cases corpus - PASS (body cover 90.7%); see docs/re/twelfth_coverage_batch.md
0x8c0ac080,ported-invocation,src/fight/next_adapters.c,132,shared C algorithms and static callers; complete invocation and device-tape replay,matrix_family: 74/74 cases match (0 skipped) - PASS; held-out and fresh replay; strict registers/XF/FPUL/GBR/return-PC/RAM/device access; see docs/re/next_coverage_batch.md
0x8c0ac114,ported,src/fight/unknown.c,48,capture-driven port,partial-cover promotion: 13 cases from fifth_leaf_dev_v6_cases corpus - PASS (body cover 66.7%); see docs/re/fourteenth_coverage_batch.md
0x8c0ac144,ported,src/fight/fifth_adapters.c,32,capture-driven port,matrix_family: 2 dev + 3 hold + 1 fresh strict cases - PASS; strict replay 2 dev + 3 hold + 1 fresh strict cases
0x8c0ac1e4,ported-invocation,src/fight/fifth_leaf_adapters.c,70,shared C algorithms and static callers; complete invocation and device-tape replay,matrix_family: 64/64 cases match (0 skipped) - PASS; held-out and fresh replay; strict registers/banked/XF/FPUL/GBR/return-PC/RAM/device access; see docs/re/fifth_coverage_batch.md
0x8c0ac252,ported-invocation,src/fight/fight_adapters.c,1528,shared C algorithms and static callers; complete invocation replay,matrix_family: 110/110 cases match (0 skipped) - PASS; strict registers/XF/FPUL/GBR/return-PC/RAM; >=2 scenarios; see docs/re/fight_batch.md
0x8c0ac90c,ported-invocation,src/fight/fifth_adapters.c,324,shared C algorithms and static callers; complete invocation and device-tape replay,matrix_family: 151/151 cases match (0 skipped) - PASS; held-out and fresh replay; strict registers/banked/XF/FPUL/GBR/return-PC/RAM/device access; see docs/re/fifth_coverage_batch.md
0x8c0acaa8,ported-invocation,src/fight/eighth_adapters.c,758,static original-image C control flow; complete invocation replay,"matrix_family: 95/95 development strict; 63/63 holdout strict; 31/31 fresh strict; zero skips, zero OOB; >=2 scenarios; full registers/banked/XF/FPUL/GBR/return-PC/RAM; see docs/re/eighth_coverage_batch.md"
0X8C0ACAA8,ported-invocation,src/fight/eighth_adapters.c,758,static original-image C control flow; complete invocation replay,"matrix_family: 172/172 development strict; 97/97 holdout strict; 111/111 fresh strict; zero skips, zero OOB; >=2 scenarios; full registers/banked/XF/FPUL/GBR/return-PC/RAM; see docs/re/eighth_coverage_batch.md"
0x8c0ad116,ported,src/fight/motion_adapters.c,46,capture-driven port,matrix_family: 9 strict cases from fifth_leaf_dev_v6_cases - PASS; see docs/re/tenth_coverage_batch.md
0x8c0ad17c,ported,src/fight/fight_adapters.c,60,capture-driven port,matrix_family: 57 cases from fight_release_cases corpus - PASS (body cover 83.3%); see docs/re/twelfth_coverage_batch.md
0x8c0ad1b8,ported-invocation,src/fight/motion_adapters.c,362,shared C algorithms and static callers; complete invocation replay,matrix_family: 65/65 cases match (0 skipped) - PASS; strict registers/XF/FPUL/GBR/return-PC/RAM; >=2 scenarios; see docs/re/motion_batch.md
0x8c0ad5aa,ported-invocation,src/fight/motion_adapters.c,492,shared C algorithms and static callers; complete invocation replay,matrix_family: 81/81 cases match (0 skipped) - PASS; strict registers/XF/FPUL/GBR/return-PC/RAM; >=2 scenarios; see docs/re/motion_batch.md
0x8c0ad878,ported,src/fight/fifth_adapters.c,314,capture-driven port,matrix_family: 24+7+6 strict cases across dev/holdout/fresh - PASS; strict replay 24+7+6 strict cases across dev/holdout/fresh
0x8c0ad9fe,ported-invocation,src/fight/fifth_adapters.c,320,shared C algorithms and static callers; complete invocation and device-tape replay,matrix_family: 65/65 cases match (0 skipped) - PASS; held-out and fresh replay; strict registers/banked/XF/FPUL/GBR/return-PC/RAM/device access; see docs/re/fifth_coverage_batch.md
0x8c0ae0f4,ported-invocation,src/fight/fight_adapters.c,324,shared C algorithms and static callers; complete invocation replay,matrix_family: 272/272 cases match (0 skipped) - PASS; strict registers/XF/FPUL/GBR/return-PC/RAM; >=2 scenarios; see docs/re/fight_batch.md
0x8c0ae458,ported-invocation,src/fight/fifth_adapters.c,180,shared C algorithms and static callers; complete invocation and device-tape replay,matrix_family: 77/77 cases match (0 skipped) - PASS; held-out and fresh replay; strict registers/banked/XF/FPUL/GBR/return-PC/RAM/device access; see docs/re/fifth_coverage_batch.md
0x8c0ae6f6,ported,src/fight/unknown.c,182,capture-driven port,partial-cover promotion: 22 cases from fifth_primary_cases corpus - PASS (body cover 73.6%); see docs/re/fourteenth_coverage_batch.md
0x8c0aea68,ported-invocation,src/fight/fifth_adapters.c,198,shared C algorithms and static callers; complete invocation and device-tape replay,matrix_family: 66/66 cases match (0 skipped) - PASS; held-out and fresh replay; strict registers/banked/XF/FPUL/GBR/return-PC/RAM/device access; see docs/re/fifth_coverage_batch.md
0x8c0aeb80,ported-invocation,src/fight/next_adapters.c,208,shared C algorithms and static callers; complete invocation and device-tape replay,matrix_family: 118/118 cases match (0 skipped) - PASS; held-out and fresh replay; strict registers/XF/FPUL/GBR/return-PC/RAM/device access; see docs/re/next_coverage_batch.md
0x8c0af734,ported,src/fight/af734.c,168,oracle-verified (RAM shadow diff),af734_replay 64/64 PASS (14-window chronological entry/return-PC pairs; epilogue restores caller-owned r13/r14 and advances SP by 8)
0x8c0af892,ported-invocation,src/fight/fight_adapters.c,138,shared C algorithms and static callers; complete invocation replay,matrix_family: 393/393 cases match (0 skipped) - PASS; strict registers/XF/FPUL/GBR/return-PC/RAM; >=2 scenarios; see docs/re/fight_batch.md
0x8c0af95c,ported,src/fight/fight_adapters.c,86,capture-driven port,matrix_family: 3 cases from fight_release_cases corpus - PASS (body cover 83.7%); see docs/re/twelfth_coverage_batch.md
0x8c0af9e4,ported,src/fight/fifth_adapters.c,264,capture-driven port,matrix_family: 5 cases from fifth_combined_cases corpus - PASS (body cover 80.3%); see docs/re/twelfth_coverage_batch.md
0x8c0afb76,ported,src/fight/afb76.c,762,oracle-verified (RAM shadow diff),afb76_replay 8/8 PASS (170 pairs / 64 unique / 8 RAM cases over 3 widened windows; nested U2 call with 0x0C0AFEAC pr; r8-r14/fr14-15/pr passthrough)
0x8c0aff04,ported-invocation,src/fight/next_adapters.c,114,shared C algorithms and static callers; complete invocation and device-tape replay,matrix_family: 709/709 cases match (0 skipped) - PASS; held-out and fresh replay; strict registers/XF/FPUL/GBR/return-PC/RAM/device access; see docs/re/next_coverage_batch.md
0x8c0b011e,ported-invocation,src/fight/matrix_adapters.c,1086,static C caller plus shared matrix/vector algorithms; complete invocation replay,matrix_family: 192/192 cases match (0 skipped) - PASS; strict full registers/XF/FPUL/GBR/return-PC/RAM; see docs/re/matrix_batch.md
0x8c0b08bc,ported-invocation,src/fight/fight_adapters.c,1374,shared C algorithms and static callers; complete invocation replay,matrix_family: 408/408 cases match (0 skipped) - PASS; strict registers/XF/FPUL/GBR/return-PC/RAM; >=2 scenarios; see docs/re/fight_batch.md
0x8c0b10aa,ported,src/fight/b10aa.c,138,oracle-verified (RAM shadow diff),b10aa_replay 1/1 PASS (paired register+RAM replay over object and stack windows; nested verified 0x8C09553C callback)
0x8c0b1376,ported-invocation,src/fight/matrix_adapters.c,210,static C caller plus shared matrix/vector algorithms; complete invocation replay,matrix_family: 64/64 cases match (0 skipped) - PASS; strict full registers/XF/FPUL/GBR/return-PC/RAM; see docs/re/matrix_batch.md
0x8c0b1560,ported-invocation,src/fight/fight_adapters.c,1090,shared C algorithms and static callers; complete invocation replay,matrix_family: 110/110 cases match (0 skipped) - PASS; strict registers/XF/FPUL/GBR/return-PC/RAM; >=2 scenarios; see docs/re/fight_batch.md
0x8c0b1a54,ported,src/fight/walker.c,184,transliteration,tests/walker_replay.c PASS
0x8c0b1b34,ported-invocation,src/fight/fifth_leaf_adapters.c,56,shared C algorithms and static callers; complete invocation and device-tape replay,matrix_family: 122/122 cases match (0 skipped) - PASS; held-out and fresh replay; strict registers/banked/XF/FPUL/GBR/return-PC/RAM/device access; see docs/re/fifth_coverage_batch.md
0x8c0b1b8a,ported-invocation,src/fight/matrix_adapters.c,242,static C caller plus shared matrix/vector algorithms; complete invocation replay,matrix_family: 50/50 cases match (0 skipped) - PASS; strict full registers/XF/FPUL/GBR/return-PC/RAM; see docs/re/matrix_batch.md
0x8c0b1c94,ported,src/fight/device_adapters.c,48,capture-driven port,matrix_family: 103 cases from fifth_combined_cases corpus - PASS (body cover 83.3%); see docs/re/twelfth_coverage_batch.md
0x8c0b20a8,ported,src/fight/unknown.c,488,capture-driven port,partial-cover promotion: 5 cases from next_more_cases corpus - PASS (body cover 7.4%); see docs/re/fourteenth_coverage_batch.md
0x8c0b2634,ported-invocation,src/fight/next_adapters.c,818,static original-image C control flow; complete invocation replay,matrix_family: 64/64 cases match (0 skipped) - PASS; independent held-out and fresh strict replay; docs/re/sixth_coverage_batch.md
0x8c0b2a86,ported-invocation,src/fight/next_adapters.c,638,static original-image C control flow; complete invocation replay,matrix_family: 64/64 cases match (0 skipped) - PASS; independent held-out and fresh strict replay; docs/re/sixth_coverage_batch.md
0x8c0b32e6,ported-invocation,src/fight/next_adapters.c,732,static original-image C control flow; complete invocation replay,matrix_family: 128/128 cases match (0 skipped) - PASS; independent held-out and fresh strict replay; docs/re/sixth_coverage_batch.md
0x8c0b38d0,ported-invocation,src/fight/sixth_loader_adapters.c,328,static original-image C control flow; complete invocation replay,matrix_family: 128/128 cases match (0 skipped) - PASS; independent held-out and fresh strict replay; docs/re/sixth_coverage_batch.md
0x8c0b3eaa,ported-invocation,src/fight/next_adapters.c,608,static original-image C control flow; complete invocation replay,matrix_family: 128/128 cases match (0 skipped) - PASS; independent held-out and fresh strict replay; docs/re/sixth_coverage_batch.md
0x8c0b461a,ported-invocation,src/fight/next_adapters.c,626,static original-image C control flow; complete invocation replay,matrix_family: 128/128 cases match (0 skipped) - PASS; independent held-out and fresh strict replay; docs/re/sixth_coverage_batch.md
0x8c0b4d96,ported-invocation,src/fight/next_adapters.c,620,static original-image C control flow; complete invocation replay,matrix_family: 128/128 cases match (0 skipped) - PASS; independent held-out and fresh strict replay; docs/re/sixth_coverage_batch.md
0x8c0b552e,ported-invocation,src/fight/next_adapters.c,638,static original-image C control flow; complete invocation replay,matrix_family: 128/128 cases match (0 skipped) - PASS; independent held-out and fresh strict replay; docs/re/sixth_coverage_batch.md
0x8c0b588e,ported-invocation,src/fight/sixth_loader_adapters.c,794,static original-image C control flow; complete invocation replay,matrix_family: 65/65 cases match (0 skipped) - PASS; independent held-out and fresh strict replay; docs/re/sixth_coverage_batch.md
0x8c0b5cba,ported-invocation,src/fight/next_adapters.c,620,static original-image C control flow; complete invocation replay,matrix_family: 128/128 cases match (0 skipped) - PASS; independent held-out and fresh strict replay; docs/re/sixth_coverage_batch.md
0x8c0b6416,ported-invocation,src/fight/next_adapters.c,608,static original-image C control flow; complete invocation replay,matrix_family: 128/128 cases match (0 skipped) - PASS; independent held-out and fresh strict replay; docs/re/sixth_coverage_batch.md
0x8c0b6b9e,ported-invocation,src/fight/next_adapters.c,638,static original-image C control flow; complete invocation replay,matrix_family: 128/128 cases match (0 skipped) - PASS; independent held-out and fresh strict replay; docs/re/sixth_coverage_batch.md
0x8c0b7312,ported-invocation,src/fight/next_adapters.c,608,static original-image C control flow; complete invocation replay,matrix_family: 128/128 cases match (0 skipped) - PASS; independent held-out and fresh strict replay; docs/re/sixth_coverage_batch.md
0x8c0b7a6a,ported-invocation,src/fight/next_adapters.c,614,static original-image C control flow; complete invocation replay,matrix_family: 128/128 cases match (0 skipped) - PASS; independent held-out and fresh strict replay; docs/re/sixth_coverage_batch.md
0x8c0b81ca,ported-invocation,src/fight/next_adapters.c,614,static original-image C control flow; complete invocation replay,matrix_family: 128/128 cases match (0 skipped) - PASS; independent held-out and fresh strict replay; docs/re/sixth_coverage_batch.md
0x8c0b895a,ported-invocation,src/fight/next_adapters.c,638,static original-image C control flow; complete invocation replay,matrix_family: 128/128 cases match (0 skipped) - PASS; independent held-out and fresh strict replay; docs/re/sixth_coverage_batch.md
0x8c0b9182,ported-invocation,src/fight/next_adapters.c,676,static original-image C control flow; complete invocation replay,matrix_family: 128/128 cases match (0 skipped) - PASS; independent held-out and fresh strict replay; docs/re/sixth_coverage_batch.md
0x8c0b9700,ported-invocation,src/fight/sixth_loader_adapters.c,328,static original-image C control flow; complete invocation replay,matrix_family: 128/128 cases match (0 skipped) - PASS; independent held-out and fresh strict replay; docs/re/sixth_coverage_batch.md
0x8c0b9cda,ported-invocation,src/fight/next_adapters.c,608,static original-image C control flow; complete invocation replay,matrix_family: 128/128 cases match (0 skipped) - PASS; independent held-out and fresh strict replay; docs/re/sixth_coverage_batch.md
0x8c0ba462,ported-invocation,src/fight/next_adapters.c,638,static original-image C control flow; complete invocation replay,matrix_family: 128/128 cases match (0 skipped) - PASS; independent held-out and fresh strict replay; docs/re/sixth_coverage_batch.md
0x8c0babe2,ported-invocation,src/fight/next_adapters.c,614,static original-image C control flow; complete invocation replay,matrix_family: 128/128 cases match (0 skipped) - PASS; independent held-out and fresh strict replay; docs/re/sixth_coverage_batch.md
0x8c0bb336,ported-invocation,src/fight/next_adapters.c,608,static original-image C control flow; complete invocation replay,matrix_family: 128/128 cases match (0 skipped) - PASS; independent held-out and fresh strict replay; docs/re/sixth_coverage_batch.md
0x8c0bba9a,ported-invocation,src/fight/next_adapters.c,620,static original-image C control flow; complete invocation replay,matrix_family: 128/128 cases match (0 skipped) - PASS; independent held-out and fresh strict replay; docs/re/sixth_coverage_batch.md
0x8c0bbde2,ported-invocation,src/fight/sixth_loader_adapters.c,834,static original-image C control flow; complete invocation replay,matrix_family: 65/65 cases match (0 skipped) - PASS; independent held-out and fresh strict replay; docs/re/sixth_coverage_batch.md
0x8c0bc24a,ported-invocation,src/fight/next_adapters.c,650,static original-image C control flow; complete invocation replay,matrix_family: 128/128 cases match (0 skipped) - PASS; independent held-out and fresh strict replay; docs/re/sixth_coverage_batch.md
0x8c0bca0a,ported-invocation,src/fight/next_adapters.c,638,static original-image C control flow; complete invocation replay,matrix_family: 128/128 cases match (0 skipped) - PASS; independent held-out and fresh strict replay; docs/re/sixth_coverage_batch.md
0x8c0bd18a,ported-invocation,src/fight/next_adapters.c,614,static original-image C control flow; complete invocation replay,matrix_family: 128/128 cases match (0 skipped) - PASS; independent held-out and fresh strict replay; docs/re/sixth_coverage_batch.md
0x8c0bd4ca,ported-invocation,src/fight/next_adapters.c,794,static original-image C control flow; complete invocation replay,matrix_family: 64/64 cases match (0 skipped) - PASS; independent held-out and fresh strict replay; docs/re/sixth_coverage_batch.md
0x8c0bd8f6,ported-invocation,src/fight/next_adapters.c,620,static original-image C control flow; complete invocation replay,matrix_family: 128/128 cases match (0 skipped) - PASS; independent held-out and fresh strict replay; docs/re/sixth_coverage_batch.md
0x8c0be05e,ported-invocation,src/fight/next_adapters.c,614,static original-image C control flow; complete invocation replay,matrix_family: 128/128 cases match (0 skipped) - PASS; independent held-out and fresh strict replay; docs/re/sixth_coverage_batch.md
0x8c0beaf8,ported,src/fight/vf3_motion_final_adapter.c,238,capture-driven port,matrix_final: 1 strict cases from motion_final corpus - PASS; see docs/re/eleventh_coverage_batch.md
0x8c0bf16a,ported-invocation,src/fight/matrix_adapters.c,678,static C caller plus shared matrix/vector algorithms; complete invocation replay,matrix_family: 192/192 cases match (0 skipped) - PASS; strict full registers/XF/FPUL/GBR/return-PC/RAM; see docs/re/matrix_batch.md
0x8c0bf50a,ported-invocation,src/fight/fight_adapters.c,2130,shared C algorithms and static callers; complete invocation replay,matrix_family: 408/408 cases match (0 skipped) - PASS; strict registers/XF/FPUL/GBR/return-PC/RAM; >=2 scenarios; see docs/re/fight_batch.md
0x8c0bfef4,ported-invocation,src/fight/fight_adapters.c,566,shared C algorithms and static callers; complete invocation replay,matrix_family: 67/67 cases match (0 skipped) - PASS; strict registers/XF/FPUL/GBR/return-PC/RAM; >=2 scenarios; see docs/re/fight_batch.md
0x8c0c10a2,ported-invocation,src/fight/next_adapters.c,124,shared C algorithms and static callers; complete invocation and device-tape replay,matrix_family: 70/70 cases match (0 skipped) - PASS; held-out and fresh replay; strict registers/XF/FPUL/GBR/return-PC/RAM/device access; see docs/re/next_coverage_batch.md
0x8c0c111e,ported-invocation,src/fight/next_adapters.c,96,shared C algorithms and static callers; complete invocation and device-tape replay,matrix_family: 70/70 cases match (0 skipped) - PASS; held-out and fresh replay; strict registers/XF/FPUL/GBR/return-PC/RAM/device access; see docs/re/next_coverage_batch.md
0x8c0c120c,ported,src/fight/fight_adapters.c,66,capture-driven port,matrix_family: 64 cases from fight_release_cases corpus - PASS (body cover 87.9%); see docs/re/twelfth_coverage_batch.md
0x8c0c124e,ported,src/fight/fight_adapters.c,86,capture-driven port,matrix_family: 8 strict cases from fight_release_cases - PASS; see docs/re/tenth_coverage_batch.md
0x8c0c12a4,ported-invocation,src/fight/fifth_leaf_adapters.c,52,shared C algorithms and static callers; complete invocation and device-tape replay,matrix_family: 123/123 cases match (0 skipped) - PASS; held-out and fresh replay; strict registers/banked/XF/FPUL/GBR/return-PC/RAM/device access; see docs/re/fifth_coverage_batch.md
0x8c0c13de,ported-invocation,src/fight/device_adapters.c,446,shared C algorithms and static callers; complete invocation and device-tape replay,matrix_family: 192/192 cases match (0 skipped) - PASS; held-out and fresh replay; strict registers/XF/FPUL/GBR/return-PC/RAM/device access; see docs/re/next_coverage_batch.md
0x8c0c1770,ported-invocation,src/fight/device_adapters.c,148,shared C algorithms and static callers; complete invocation and device-tape replay,matrix_family: 192/192 cases match (0 skipped) - PASS; held-out and fresh replay; strict registers/XF/FPUL/GBR/return-PC/RAM/device access; see docs/re/next_coverage_batch.md
0x8c0c19ec,ported-invocation,src/fight/next_adapters.c,118,shared C algorithms and static callers; complete invocation and device-tape replay,matrix_family: 64/64 cases match (0 skipped) - PASS; held-out and fresh replay; strict registers/XF/FPUL/GBR/return-PC/RAM/device access; see docs/re/next_coverage_batch.md
0x8c0c1d86,ported-invocation,src/fight/fifth_leaf_adapters.c,32,shared C algorithms and static callers; complete invocation and device-tape replay,matrix_family: 113/113 cases match (0 skipped) - PASS; held-out and fresh replay; strict registers/banked/XF/FPUL/GBR/return-PC/RAM/device access; see docs/re/fifth_coverage_batch.md
0x8c0c1da6,ported-invocation,src/fight/motion_adapters.c,348,shared C algorithms and static callers; complete invocation replay,matrix_family: 647/647 cases match (0 skipped) - PASS; strict registers/XF/FPUL/GBR/return-PC/RAM; >=2 scenarios; see docs/re/motion_batch.md
0x8c0c1fd8,ported-invocation,src/fight/fight_adapters.c,606,shared C algorithms and static callers; complete invocation replay,matrix_family: 390/390 cases match (0 skipped) - PASS; strict registers/XF/FPUL/GBR/return-PC/RAM; >=2 scenarios; see docs/re/fight_batch.md
0x8c0c2b66,ported-invocation,src/fight/fifth_leaf_adapters.c,26,shared C algorithms and static callers; complete invocation and device-tape replay,matrix_family: 122/122 cases match (0 skipped) - PASS; held-out and fresh replay; strict registers/banked/XF/FPUL/GBR/return-PC/RAM/device access; see docs/re/fifth_coverage_batch.md
0x8c0c2b80,ported-piecewise,src/fight/frameseq.c,50,oracle-verified (RAM shadow diff),frameseq_replay 8/8 PASS; 6-callee call chain out of scope (chain-owned exit state, windows byte-identical entry->exit)
0x8c0c2bb2,ported,src/fight/vf3_fifth_leaf_unowned_adapter.c,2,capture-driven port,fifth_leaf_unowned: 4 strict cases from seventh_c16_cases corpus - PASS; see docs/re/eleventh_coverage_batch.md
0x8c0c2bb4,ported-invocation,src/fight/device_adapters.c,120,shared C algorithms and static callers; complete invocation and device-tape replay,matrix_family: 534/534 cases match (0 skipped) - PASS; held-out and fresh replay; strict registers/XF/FPUL/GBR/return-PC/RAM/device access; see docs/re/next_coverage_batch.md
0x8c0c3c3e,ported-invocation,src/fight/motion_adapters.c,1218,shared C algorithms and static callers; complete invocation replay,matrix_family: 262/262 cases match (0 skipped) - PASS; strict registers/XF/FPUL/GBR/return-PC/RAM; >=2 scenarios; see docs/re/motion_batch.md
0x8c0c4eba,ported-invocation,src/fight/device_adapters.c,302,shared C algorithms and static callers; complete invocation and device-tape replay,matrix_family: 463/463 cases match (0 skipped) - PASS; held-out and fresh replay; strict registers/XF/FPUL/GBR/return-PC/RAM/device access; see docs/re/next_coverage_batch.md
0x8c0c5062,ported-invocation,src/fight/device_adapters.c,2236,shared C algorithms and static callers; complete invocation and device-tape replay,matrix_family: 459/459 cases match (0 skipped) - PASS; held-out and fresh replay; strict registers/XF/FPUL/GBR/return-PC/RAM/device access; see docs/re/next_coverage_batch.md
0x8c0c5ca2,ported,src/fight/vf3_motion_final_adapter.c,162,capture-driven port,matrix_final: 1 strict cases from motion_final corpus - PASS; see docs/re/eleventh_coverage_batch.md
0x8c0c5d86,ported,src/fight/audio_submission.c,56,readable submission C,"26/26 distinct strict cases (0 skipped); 32 paired live submission/style comparisons; complete 56-byte body; existing credit retained; see docs/re/audio_execution.md"
0x8c0c5dbe,ported,src/fight/c5dbe.c,56,oracle-verified (RAM shadow diff),c5dbe_replay 54/54 PASS (56 paired calls / 54 unique cases over 8 RAM windows; guarded table update + verified allocator call)
0x8c0c6348,ported,src/fight/unknown.c,236,capture-driven port,partial-cover promotion: 2 cases from motion_development_cases corpus - PASS (body cover 53.4%); see docs/re/fourteenth_coverage_batch.md
0x8c0c674a,ported-invocation,src/fight/fight_adapters.c,38,shared C algorithms and static callers; complete invocation replay,matrix_family: 370/370 cases match (0 skipped) - PASS; strict registers/XF/FPUL/GBR/return-PC/RAM; >=2 scenarios; see docs/re/fight_batch.md
0x8c0c678e,ported-invocation,src/fight/fight_adapters.c,1496,shared C algorithms and static callers; complete invocation replay,matrix_family: 414/414 cases match (0 skipped) - PASS; strict registers/XF/FPUL/GBR/return-PC/RAM; >=2 scenarios; see docs/re/fight_batch.md
0x8c0c6e7e,ported-invocation,src/fight/fifth_leaf_adapters.c,46,shared C algorithms and static callers; complete invocation and device-tape replay,matrix_family: 128/128 cases match (0 skipped) - PASS; held-out and fresh replay; strict registers/banked/XF/FPUL/GBR/return-PC/RAM/device access; see docs/re/fifth_coverage_batch.md
0x8c0c6eac,ported-invocation,src/fight/fifth_leaf_adapters.c,24,shared C algorithms and static callers; complete invocation and device-tape replay,matrix_family: 128/128 cases match (0 skipped) - PASS; held-out and fresh replay; strict registers/banked/XF/FPUL/GBR/return-PC/RAM/device access; see docs/re/fifth_coverage_batch.md
0x8c0c6ec4,ported,src/fight/c6ec4.c,306,oracle-verified (RAM shadow diff),c6ec4_replay 64/64 PASS (paired register+RAM cases over 6 windows; verified 0x8C0C7050 helper)
0x8c0c7050,ported,src/fight/fcmpsel.c,52,oracle-verified (RAM shadow diff),"fcmpsel_replay 64/64 PASS (136 pairs / 64 unique / 64 RAM cases, 4 windows; flag paths P1/P2/P3 incl P2-nostore, fcmp operand order T=(Rn>Rm))"
0X8C0C7114,ported-invocation,src/fight/eighth_adapters.c,370,static original-image C control flow; complete invocation replay,"matrix_family: 5/5 development strict; 5/5 holdout strict; 10/10 fresh strict; zero skips, zero OOB; >=2 scenarios; full registers/banked/XF/FPUL/GBR/return-PC/RAM; see docs/re/eighth_coverage_batch.md"
0x8C0C7648,ported-invocation,src/fight/seventh_c12_adapters.c,16,static original-image C control flow; complete invocation replay,3 distinct development cases; docs/re/seventh_coverage_batch.md
0x8c0c7810,ported,src/fight/vf3_ultimate_adapter.c,78,capture-driven port,ultimate adapter: 1 cases from fifth_leaf_fresh_v6_cases corpus - PASS; see docs/re/fifteenth_coverage_batch.md
0x8c0c7e2a,ported,src/fight/motion_adapters.c,332,capture-driven port,matrix_family: 2 cases from motion_final_cases corpus - PASS (body cover 94.0%); see docs/re/twelfth_coverage_batch.md
0x8c0c86ee,ported-invocation,src/fight/fight_adapters.c,960,shared C algorithms and static callers; complete invocation replay,matrix_family: 256/256 cases match (0 skipped) - PASS; strict registers/XF/FPUL/GBR/return-PC/RAM; >=2 scenarios; see docs/re/fight_batch.md
0x8c0c8be6,ported-invocation,src/fight/next_adapters.c,118,shared C algorithms and static callers; complete invocation and device-tape replay,matrix_family: 353/353 cases match (0 skipped) - PASS; held-out and fresh replay; strict registers/XF/FPUL/GBR/return-PC/RAM/device access; see docs/re/next_coverage_batch.md
0x8c0c9ce6,ported-invocation,src/fight/c788.c,0,static original-image C control flow; complete invocation replay,"matrix_family: 140/140 development strict; 122/122 holdout strict; 127/127 fresh strict; zero skips, zero OOB; >=2 scenarios; full registers/banked/XF/FPUL/GBR/return-PC/RAM; see docs/re/eighth_coverage_batch.md"
0x8c0c9dc8,ported,src/fight/unknown.c,294,capture-driven port,partial-cover promotion: 7 cases from fifth_primary_cases corpus - PASS (body cover 73.5%); see docs/re/fourteenth_coverage_batch.md
0x8c0ca240,ported,src/fight/unknown.c,66,capture-driven port,partial-cover promotion: 1 cases from fifth_leaf_fresh_v6_cases corpus - PASS (body cover 78.8%); see docs/re/fourteenth_coverage_batch.md
0x8c0ca6c6,ported-invocation,src/fight/fight_adapters.c,24,shared C algorithms and static callers; complete invocation replay,matrix_family: 412/412 cases match (0 skipped) - PASS; strict registers/XF/FPUL/GBR/return-PC/RAM; >=2 scenarios; see docs/re/fight_batch.md
0x8c0ca6de,ported-invocation,src/fight/motion_adapters.c,304,shared C algorithms and static callers; complete invocation replay,matrix_family: 502/502 cases match (0 skipped) - PASS; strict registers/XF/FPUL/GBR/return-PC/RAM; >=2 scenarios; see docs/re/motion_batch.md
0x8c0caa9c,ported-invocation,src/fight/fight_adapters.c,86,shared C algorithms and static callers; complete invocation replay,matrix_family: 344/344 cases match (0 skipped) - PASS; strict registers/XF/FPUL/GBR/return-PC/RAM; >=2 scenarios; see docs/re/fight_batch.md
0x8c0caaf2,ported-invocation,src/fight/fifth_leaf_adapters.c,32,shared C algorithms and static callers; complete invocation and device-tape replay,matrix_family: 128/128 cases match (0 skipped) - PASS; held-out and fresh replay; strict registers/banked/XF/FPUL/GBR/return-PC/RAM/device access; see docs/re/fifth_coverage_batch.md
0x8c0cab30,ported-invocation,src/fight/fifth_leaf_adapters.c,22,shared C algorithms and static callers; complete invocation and device-tape replay,matrix_family: 128/128 cases match (0 skipped) - PASS; held-out and fresh replay; strict registers/banked/XF/FPUL/GBR/return-PC/RAM/device access; see docs/re/fifth_coverage_batch.md
0x8c0cab46,ported-invocation,src/fight/fight_adapters.c,920,shared C algorithms and static callers; complete invocation replay,matrix_family: 412/412 cases match (0 skipped) - PASS; strict registers/XF/FPUL/GBR/return-PC/RAM; >=2 scenarios; see docs/re/fight_batch.md
0x8c0caf64,ported-invocation,src/fight/fifth_adapters.c,136,shared C algorithms and static callers; complete invocation and device-tape replay,matrix_family: 384/384 cases match (0 skipped) - PASS; held-out and fresh replay; strict registers/banked/XF/FPUL/GBR/return-PC/RAM/device access; see docs/re/fifth_coverage_batch.md
0x8c0cb008,ported-invocation,src/fight/motion_adapters.c,1024,shared C algorithms and static callers; complete invocation replay,matrix_family: 116/116 cases match (0 skipped) - PASS; strict registers/XF/FPUL/GBR/return-PC/RAM; >=2 scenarios; see docs/re/motion_batch.md
0x8c0cb4c6,ported-invocation,src/fight/fight_adapters.c,88,static original-image C control flow; complete invocation replay,"matrix_family: 64/64 development strict; 64/64 holdout strict; 64/64 fresh strict; zero skips, zero OOB; >=2 scenarios; full registers/banked/XF/FPUL/GBR/return-PC/RAM; see docs/re/eighth_coverage_batch.md"
0x8c0cb8fc,ported-invocation,src/fight/motion_adapters.c,184,shared C algorithms and static callers; complete invocation replay,matrix_family: 660/660 cases match (0 skipped) - PASS; strict registers/XF/FPUL/GBR/return-PC/RAM; >=2 scenarios; see docs/re/motion_batch.md
0x8c0cb9f0,ported-invocation,src/fight/motion_adapters.c,316,shared C algorithms and static callers; complete invocation replay,matrix_family: 848/848 cases match (0 skipped) - PASS; strict registers/XF/FPUL/GBR/return-PC/RAM; >=2 scenarios; see docs/re/motion_batch.md
0x8c0cbb6a,ported-invocation,src/fight/motion_adapters.c,350,shared C algorithms and static callers; complete invocation replay,matrix_family: 375/375 cases match (0 skipped) - PASS; strict registers/XF/FPUL/GBR/return-PC/RAM; >=2 scenarios; see docs/re/motion_batch.md
0x8c0cbdd0,ported-invocation,src/fight/fifth_adapters.c,296,shared C algorithms and static callers; complete invocation and device-tape replay,matrix_family: 77/77 cases match (0 skipped) - PASS; held-out and fresh replay; strict registers/banked/XF/FPUL/GBR/return-PC/RAM/device access; see docs/re/fifth_coverage_batch.md
0x8c0cbefc,ported,src/fight/cbefc.c,200,oracle-verified (RAM shadow diff),cbefc_replay 64/64 PASS (64 paired register+RAM cases over 2 windows; __divls quotient and observable stack saves modeled)
0x8c0cbfc8,ported-invocation,src/fight/fifth_adapters.c,228,shared C algorithms and static callers; complete invocation and device-tape replay,matrix_family: 77/77 cases match (0 skipped) - PASS; held-out and fresh replay; strict registers/banked/XF/FPUL/GBR/return-PC/RAM/device access; see docs/re/fifth_coverage_batch.md
0x8c0cc0dc,ported,src/fight/fight_adapters.c,94,capture-driven port,matrix_family: 64 cases from fight_release_cases corpus - PASS (body cover 91.5%); see docs/re/twelfth_coverage_batch.md
0x8c0cc148,ported,src/fight/cc148.c,210,oracle-verified (RAM shadow diff),cc148_replay 64/64 PASS (64 paired cases over 3 RAM windows; two verified fdivker helper entries)
0x8c0cc44e,ported-invocation,src/fight/next_adapters.c,98,shared C algorithms and static callers; complete invocation and device-tape replay,matrix_family: 353/353 cases match (0 skipped) - PASS; held-out and fresh replay; strict registers/XF/FPUL/GBR/return-PC/RAM/device access; see docs/re/next_coverage_batch.md
0x8c0cc4bc,ported,src/fight/motion_adapters.c,32,capture-driven port,matrix_family: 64 strict cases from fifth_leaf_holdout_v6_cases - PASS; see docs/re/tenth_coverage_batch.md
0x8c0cc4ea,ported,src/fight/device_adapters.c,86,capture-driven port,matrix_family: 32 cases from fifth_combined_cases corpus - PASS (body cover 83.7%); see docs/re/twelfth_coverage_batch.md
0x8c0cc5f4,ported-invocation,src/fight/fifth_leaf_adapters.c,90,shared C algorithms and static callers; complete invocation and device-tape replay,matrix_family: 128/128 cases match (0 skipped) - PASS; held-out and fresh replay; strict registers/banked/XF/FPUL/GBR/return-PC/RAM/device access; see docs/re/fifth_coverage_batch.md
0x8c0cc692,ported-invocation,src/fight/motion_adapters.c,510,shared C algorithms and static callers; complete invocation replay,matrix_family: 519/519 cases match (0 skipped) - PASS; strict registers/XF/FPUL/GBR/return-PC/RAM; >=2 scenarios; see docs/re/motion_batch.md
0x8c0b2de6,ported-invocation,src/fight/tenpp_asset_adapters.c,938,static original-image C; complete initializer and helper behavior,matrix_family: 239/239 cases match (0 skipped) - PASS; 100% body PCs; independent descriptor acceptance; docs/re/tenpp_assets.md
0x8c0b36c2,ported-invocation,src/fight/tenpp_asset_adapters.c,412,static original-image C; complete initializer and helper behavior,matrix_family: 240/240 cases match (0 skipped) - PASS; 100% body PCs; independent descriptor acceptance; docs/re/tenpp_assets.md
0x8c0b3a94,ported-invocation,src/fight/tenpp_asset_adapters.c,778,static original-image C; complete initializer and helper behavior,matrix_family: 238/238 cases match (0 skipped) - PASS; 100% body PCs; independent descriptor acceptance; docs/re/tenpp_assets.md
0x8c0b41e2,ported-invocation,src/fight/tenpp_asset_adapters.c,802,static original-image C; complete initializer and helper behavior,matrix_family: 237/237 cases match (0 skipped) - PASS; 100% body PCs; independent descriptor acceptance; docs/re/tenpp_assets.md
0x8c0b496a,ported-invocation,src/fight/tenpp_asset_adapters.c,794,static original-image C; complete initializer and helper behavior,matrix_family: 237/237 cases match (0 skipped) - PASS; 100% body PCs; independent descriptor acceptance; docs/re/tenpp_assets.md
0x8c0b50de,ported-invocation,src/fight/tenpp_asset_adapters.c,818,static original-image C; complete initializer and helper behavior,matrix_family: 239/239 cases match (0 skipped) - PASS; 100% body PCs; independent descriptor acceptance; docs/re/tenpp_assets.md
0x8c0b6002,ported-invocation,src/fight/tenpp_asset_adapters.c,778,static original-image C; complete initializer and helper behavior,matrix_family: 239/239 cases match (0 skipped) - PASS; 100% body PCs; independent descriptor acceptance; docs/re/tenpp_assets.md
0x8c0b674e,ported-invocation,src/fight/tenpp_asset_adapters.c,818,static original-image C; complete initializer and helper behavior,matrix_family: 236/236 cases match (0 skipped) - PASS; 100% body PCs; independent descriptor acceptance; docs/re/tenpp_assets.md
0x8c0b6efe,ported-invocation,src/fight/tenpp_asset_adapters.c,778,static original-image C; complete initializer and helper behavior,matrix_family: 237/237 cases match (0 skipped) - PASS; 100% body PCs; independent descriptor acceptance; docs/re/tenpp_assets.md
0x8c0b764a,ported-invocation,src/fight/tenpp_asset_adapters.c,786,static original-image C; complete initializer and helper behavior,matrix_family: 239/239 cases match (0 skipped) - PASS; 100% body PCs; independent descriptor acceptance; docs/re/tenpp_assets.md
0x8c0b7daa,ported-invocation,src/fight/tenpp_asset_adapters.c,786,static original-image C; complete initializer and helper behavior,matrix_family: 240/240 cases match (0 skipped) - PASS; 100% body PCs; independent descriptor acceptance; docs/re/tenpp_assets.md
0x8c0b850a,ported-invocation,src/fight/tenpp_asset_adapters.c,818,static original-image C; complete initializer and helper behavior,matrix_family: 240/240 cases match (0 skipped) - PASS; 100% body PCs; independent descriptor acceptance; docs/re/tenpp_assets.md
0x8c0b8cba,ported-invocation,src/fight/tenpp_asset_adapters.c,938,static original-image C; complete initializer and helper behavior,matrix_family: 238/238 cases match (0 skipped) - PASS; 100% body PCs; independent descriptor acceptance; docs/re/tenpp_assets.md
0x8c0b94f2,ported-invocation,src/fight/tenpp_asset_adapters.c,412,static original-image C; complete initializer and helper behavior,matrix_family: 236/236 cases match (0 skipped) - PASS; 100% body PCs; independent descriptor acceptance; docs/re/tenpp_assets.md
0x8c0b98c4,ported-invocation,src/fight/tenpp_asset_adapters.c,778,static original-image C; complete initializer and helper behavior,matrix_family: 239/239 cases match (0 skipped) - PASS; 100% body PCs; independent descriptor acceptance; docs/re/tenpp_assets.md
0x8c0ba012,ported-invocation,src/fight/tenpp_asset_adapters.c,818,static original-image C; complete initializer and helper behavior,matrix_family: 237/237 cases match (0 skipped) - PASS; 100% body PCs; independent descriptor acceptance; docs/re/tenpp_assets.md
0x8c0ba7c2,ported-invocation,src/fight/tenpp_asset_adapters.c,786,static original-image C; complete initializer and helper behavior,matrix_family: 237/237 cases match (0 skipped) - PASS; 100% body PCs; independent descriptor acceptance; docs/re/tenpp_assets.md
0x8c0baf22,ported-invocation,src/fight/tenpp_asset_adapters.c,778,static original-image C; complete initializer and helper behavior,matrix_family: 238/238 cases match (0 skipped) - PASS; 100% body PCs; independent descriptor acceptance; docs/re/tenpp_assets.md
0x8c0bb66e,ported-invocation,src/fight/tenpp_asset_adapters.c,794,static original-image C; complete initializer and helper behavior,matrix_family: 240/240 cases match (0 skipped) - PASS; 100% body PCs; independent descriptor acceptance; docs/re/tenpp_assets.md
0x8c0bc5ba,ported-invocation,src/fight/tenpp_asset_adapters.c,818,static original-image C; complete initializer and helper behavior,matrix_family: 240/240 cases match (0 skipped) - PASS; 100% body PCs; independent descriptor acceptance; docs/re/tenpp_assets.md
0x8c0bcd6a,ported-invocation,src/fight/tenpp_asset_adapters.c,786,static original-image C; complete initializer and helper behavior,matrix_family: 239/239 cases match (0 skipped) - PASS; 100% body PCs; independent descriptor acceptance; docs/re/tenpp_assets.md
0x8c0bdc3e,ported-invocation,src/fight/tenpp_asset_adapters.c,786,static original-image C; complete initializer and helper behavior,matrix_family: 240/240 cases match (0 skipped) - PASS; 100% body PCs; independent descriptor acceptance; docs/re/tenpp_assets.md
0x8c0be39e,ported-invocation,src/fight/tenpp_asset_adapters.c,786,static original-image C; complete initializer and helper behavior,matrix_family: 236/236 cases match (0 skipped) - PASS; 100% body PCs; independent descriptor acceptance; docs/re/tenpp_assets.md
0x8c0be7be,ported-invocation,src/fight/tenpp_asset_adapters.c,614,static original-image C; complete initializer and helper behavior,matrix_family: 239/239 cases match (0 skipped) - PASS; 100% body PCs; independent descriptor acceptance; docs/re/tenpp_assets.md
0x8c0bec2e,ported-invocation,src/fight/tenpp_asset_adapters.c,202,static original-image C; complete initializer and helper behavior,matrix_family: 240/240 cases match (0 skipped) - PASS; 100% body PCs; independent descriptor acceptance; docs/re/tenpp_assets.md
0x8c064772,ported-invocation,src/fight/tenpp_complex_adapters.c,440,static original-image C; complete body and helper behavior,matrix_family: 83/83 cases match (0 skipped) - PASS; 100% body PCs; single-width transfers; relocated descriptor acceptance; docs/re/tenpp_vertices.md
0x8c064ab8,ported-invocation,src/fight/tenpp_complex_adapters.c,356,static original-image C; complete body and helper behavior,matrix_family: 83/83 cases match (0 skipped) - PASS; 100% body PCs; single-width transfers; relocated descriptor acceptance; docs/re/tenpp_vertices.md
0x8c064c28,ported-invocation,src/fight/tenpp_complex_adapters.c,336,static original-image C; complete body and helper behavior,matrix_family: 83/83 cases match (0 skipped) - PASS; 100% body PCs; single-width transfers; relocated descriptor acceptance; docs/re/tenpp_vertices.md
0x8c064da0,ported-invocation,src/fight/tenpp_complex_adapters.c,700,static original-image C; complete body and helper behavior,matrix_family: 83/83 cases match (0 skipped) - PASS; 100% body PCs; single-width transfers; relocated descriptor acceptance; docs/re/tenpp_vertices.md
0x8c065088,ported-invocation,src/fight/tenpp_complex_adapters.c,680,static original-image C; complete body and helper behavior,matrix_family: 83/83 cases match (0 skipped) - PASS; 100% body PCs; single-width transfers; relocated descriptor acceptance; docs/re/tenpp_vertices.md
0x8c06535c,ported-invocation,src/fight/tenpp_complex_adapters.c,586,static original-image C; complete body and helper behavior,matrix_family: 83/83 cases match (0 skipped) - PASS; 100% body PCs; single-width transfers; relocated descriptor acceptance; docs/re/tenpp_vertices.md
0x8c0655e0,ported-invocation,src/fight/tenpp_complex_adapters.c,534,static original-image C; complete body and helper behavior,matrix_family: 83/83 cases match (0 skipped) - PASS; 100% body PCs; single-width transfers; relocated descriptor acceptance; docs/re/tenpp_vertices.md
0x8c065aa0,ported-invocation,src/fight/tenpp_complex_adapters.c,372,static original-image C; complete body and helper behavior,matrix_family: 82/82 cases match (0 skipped) - PASS; 100% body PCs; single-width transfers; relocated descriptor acceptance; docs/re/tenpp_vertices.md
0x8c065c4c,ported-invocation,src/fight/tenpp_complex_adapters.c,352,static original-image C; complete body and helper behavior,matrix_family: 256/256 cases match (0 skipped) - PASS; Single-width finite-coordinate fixtures; fresh per-root development states 21 and 27; relocated held inputs
0x8c065de4,ported-invocation,src/fight/tenpp_complex_adapters.c,554,static original-image C; complete body and helper behavior,matrix_family: 256/256 cases match (0 skipped) - PASS; Single-width finite-coordinate fixtures; fresh per-root development states 21 and 27; relocated held inputs
0x8c06604c,ported-invocation,src/fight/tenpp_complex_adapters.c,534,static original-image C; complete body and helper behavior,matrix_family: 255/255 cases match (0 skipped) - PASS; Single-width finite-coordinate fixtures; fresh per-root development states 21 and 27; relocated held inputs
0x8c038eae,ported-invocation,src/fight/tenpp_planned_adapters.inc,140,static original-image C; complete body and helper behavior,matrix_family: 128/128 cases match (0 skipped) - PASS; Fresh per-root states 21 and 27; synchronized FPSCR; independent relocated descriptors and distinct finite floating point acceptance inputs
0x8c038f4e,ported-invocation,src/fight/tenpp_planned_adapters.inc,138,static original-image C; complete body and helper behavior,matrix_family: 128/128 cases match (0 skipped) - PASS; Fresh per-root states 21 and 27; synchronized FPSCR; independent relocated descriptors and distinct finite floating point acceptance inputs
0x8c03bb40,ported-invocation,src/fight/tenpp_planned_adapters.inc,144,static original-image C; complete body and helper behavior,matrix_family: 128/128 cases match (0 skipped) - PASS; Fresh per-root states 21 and 27; synchronized FPSCR; independent relocated descriptors and distinct finite floating point acceptance inputs
0x8c03bfb6,ported-invocation,src/fight/tenpp_planned_adapters.inc,198,static original-image C; complete body and helper behavior,matrix_family: 256/256 cases match (0 skipped) - PASS; Fresh per-root states 21 and 27; synchronized FPSCR; independent relocated descriptors and distinct finite floating point acceptance inputs
0x8c03c252,ported-invocation,src/fight/tenpp_planned_adapters.inc,186,static original-image C; complete body and helper behavior,matrix_family: 256/256 cases match (0 skipped) - PASS; Fresh per-root states 21 and 27; synchronized FPSCR; independent relocated descriptors and distinct finite floating point acceptance inputs
0x8c03c324,ported-invocation,src/fight/tenpp_planned_adapters.inc,274,static original-image C; complete body and helper behavior,matrix_family: 256/256 cases match (0 skipped) - PASS; Fresh per-root states 21 and 27; synchronized FPSCR; independent relocated descriptors and distinct finite floating point acceptance inputs
0x8c03d0e8,ported-invocation,src/fight/tenpp_planned_adapters.inc,182,static original-image C; complete body and helper behavior,matrix_family: 256/256 cases match (0 skipped) - PASS; Fresh per-root states 21 and 27; synchronized FPSCR; independent relocated descriptors and distinct finite floating point acceptance inputs
0x8c03d1a8,ported-invocation,src/fight/tenpp_planned_adapters.inc,178,static original-image C; complete body and helper behavior,matrix_family: 256/256 cases match (0 skipped) - PASS; Fresh per-root states 21 and 27; synchronized FPSCR; independent relocated descriptors and distinct finite floating point acceptance inputs
0x8c0645fa,ported-invocation,src/fight/tenpp_planned_adapters.inc,254,static original-image C; complete body and helper behavior,matrix_family: 256/256 cases match (0 skipped) - PASS; Fresh per-root states 21 and 27; synchronized FPSCR; independent relocated descriptors and distinct finite floating point acceptance inputs
0x8c064930,ported-invocation,src/fight/tenpp_planned_adapters.inc,350,static original-image C; complete body and helper behavior,matrix_family: 256/256 cases match (0 skipped) - PASS; Fresh per-root states 21 and 27; synchronized FPSCR; independent relocated descriptors and distinct finite floating point acceptance inputs
0x8c0657fc,ported-invocation,src/fight/tenpp_planned_adapters.inc,258,static original-image C; complete body and helper behavior,matrix_family: 256/256 cases match (0 skipped) - PASS; Fresh per-root states 21 and 27; synchronized FPSCR; independent relocated descriptors and distinct finite floating point acceptance inputs
0x8c065932,ported-invocation,src/fight/tenpp_planned_adapters.inc,354,static original-image C; complete body and helper behavior,matrix_family: 256/256 cases match (0 skipped) - PASS; Fresh per-root states 21 and 27; synchronized FPSCR; independent relocated descriptors and distinct finite floating point acceptance inputs
0x8c088370,ported-invocation,src/fight/tenpp_planned_adapters.inc,288,static original-image C; complete body and helper behavior,matrix_family: 256/256 cases match (0 skipped) - PASS; Fresh per-root states 21 and 27; synchronized FPSCR; independent relocated descriptors and distinct finite floating point acceptance inputs
0x8c08f3d8,ported-invocation,src/fight/tenpp_planned_adapters.inc,214,static original-image C; complete body and helper behavior,matrix_family: 256/256 cases match (0 skipped) - PASS; Fresh per-root states 21 and 27; synchronized FPSCR; independent relocated descriptors and distinct finite floating point acceptance inputs
0x8c0a7302,ported-invocation,src/fight/tenpp_planned_adapters.inc,140,static original-image C; complete body and helper behavior,matrix_family: 127/127 cases match (0 skipped) - PASS; Fresh per-root states 21 and 27; synchronized FPSCR; independent relocated descriptors and distinct finite floating point acceptance inputs
0x8c03dbb0,ported-invocation,src/fight/tenpp_planned_adapters.inc,118,static original-image C; complete body and helper behavior,matrix_family: 128/128 cases match (0 skipped) - PASS; Two fresh development scenarios; complete frozen bodies; independent relocated acceptance; original-value self predecrement stores
0x8c03ef16,ported-invocation,src/fight/tenpp_planned_adapters.inc,124,static original-image C; complete body and helper behavior,matrix_family: 127/127 cases match (0 skipped) - PASS; Two fresh development scenarios; complete frozen bodies; independent relocated acceptance; original-value self predecrement stores
0x8c04596c,ported-invocation,src/fight/tenpp_planned_adapters.inc,78,static original-image C; complete body and helper behavior,matrix_family: 128/128 cases match (0 skipped) - PASS; Two fresh development scenarios; complete frozen bodies; independent relocated acceptance; original-value self predecrement stores
0x8c045e78,ported-invocation,src/fight/tenpp_planned_adapters.inc,84,static original-image C; complete body and helper behavior,matrix_family: 128/128 cases match (0 skipped) - PASS; Two fresh development scenarios; complete frozen bodies; independent relocated acceptance; original-value self predecrement stores
0x8c050174,ported-invocation,src/fight/tenpp_planned_adapters.inc,118,static original-image C; complete body and helper behavior,matrix_family: 125/125 cases match (0 skipped) - PASS; Two fresh development scenarios; complete frozen bodies; independent relocated acceptance; original-value self predecrement stores
0x8c0501f4,ported-invocation,src/fight/tenpp_planned_adapters.inc,92,static original-image C; complete body and helper behavior,matrix_family: 128/128 cases match (0 skipped) - PASS; Two fresh development scenarios; complete frozen bodies; independent relocated acceptance; original-value self predecrement stores
0x8c053ed4,ported-invocation,src/fight/tenpp_planned_adapters.inc,98,static original-image C; complete body and helper behavior,matrix_family: 127/127 cases match (0 skipped) - PASS; Two fresh development scenarios; complete frozen bodies; independent relocated acceptance; original-value self predecrement stores
0x8c0563ac,ported-invocation,src/fight/tenpp_planned_adapters.inc,80,static original-image C; complete body and helper behavior,matrix_family: 128/128 cases match (0 skipped) - PASS; Two fresh development scenarios; complete frozen bodies; independent relocated acceptance; original-value self predecrement stores
0x8c05886a,ported-invocation,src/fight/tenpp_planned_adapters.inc,134,static original-image C; complete body and helper behavior,matrix_family: 128/128 cases match (0 skipped) - PASS; Two fresh development scenarios; complete frozen bodies; independent relocated acceptance; original-value self predecrement stores
0x8c05e1ee,ported-invocation,src/fight/tenpp_planned_adapters.inc,78,static original-image C; complete body and helper behavior,matrix_family: 123/123 cases match (0 skipped) - PASS; Two fresh development scenarios; complete frozen bodies; independent relocated acceptance; original-value self predecrement stores
0x8c06a5ee,ported-invocation,src/fight/tenpp_planned_adapters.inc,126,static original-image C; complete body and helper behavior,matrix_family: 128/128 cases match (0 skipped) - PASS; Two fresh development scenarios; complete frozen bodies; independent relocated acceptance; original-value self predecrement stores
0x8c086880,ported-invocation,src/fight/tenpp_planned_adapters.inc,114,static original-image C; complete body and helper behavior,matrix_family: 128/128 cases match (0 skipped) - PASS; Two fresh development scenarios; complete frozen bodies; independent relocated acceptance; original-value self predecrement stores
0x8c08763c,ported-invocation,src/fight/tenpp_planned_adapters.inc,92,static original-image C; complete body and helper behavior,matrix_family: 128/128 cases match (0 skipped) - PASS; Two fresh development scenarios; complete frozen bodies; independent relocated acceptance; original-value self predecrement stores
0x8c08769c,ported-invocation,src/fight/tenpp_planned_adapters.inc,86,static original-image C; complete body and helper behavior,matrix_family: 128/128 cases match (0 skipped) - PASS; Two fresh development scenarios; complete frozen bodies; independent relocated acceptance; original-value self predecrement stores
0x8c087734,ported-invocation,src/fight/tenpp_planned_adapters.inc,78,static original-image C; complete body and helper behavior,matrix_family: 128/128 cases match (0 skipped) - PASS; Two fresh development scenarios; complete frozen bodies; independent relocated acceptance; original-value self predecrement stores
0x8c0879da,ported-invocation,src/fight/tenpp_planned_adapters.inc,74,static original-image C; complete body and helper behavior,matrix_family: 128/128 cases match (0 skipped) - PASS; Two fresh development scenarios; complete frozen bodies; independent relocated acceptance; original-value self predecrement stores
0x8c08cf36,ported-invocation,src/fight/tenpp_planned_adapters.inc,90,static original-image C; complete body and helper behavior,matrix_family: 128/128 cases match (0 skipped) - PASS; Two fresh development scenarios; complete frozen bodies; independent relocated acceptance; original-value self predecrement stores
0x8c08da58,ported-invocation,src/fight/tenpp_planned_adapters.inc,74,static original-image C; complete body and helper behavior,matrix_family: 80/80 cases match (0 skipped) - PASS; Two fresh development scenarios; complete frozen bodies; independent relocated acceptance; original-value self predecrement stores
0x8c08f344,ported-invocation,src/fight/tenpp_planned_adapters.inc,114,static original-image C; complete body and helper behavior,matrix_family: 128/128 cases match (0 skipped) - PASS; Two fresh development scenarios; complete frozen bodies; independent relocated acceptance; original-value self predecrement stores
0x8c08f5c2,ported-invocation,src/fight/tenpp_planned_adapters.inc,112,static original-image C; complete body and helper behavior,matrix_family: 128/128 cases match (0 skipped) - PASS; Two fresh development scenarios; complete frozen bodies; independent relocated acceptance; original-value self predecrement stores
0x8c0a78b0,ported-invocation,src/fight/tenpp_planned_adapters.inc,88,static original-image C; complete body and helper behavior,matrix_family: 127/127 cases match (0 skipped) - PASS; Two fresh development scenarios; complete frozen bodies; independent relocated acceptance; original-value self predecrement stores
0x8c0a8040,ported-invocation,src/fight/tenpp_planned_adapters.inc,76,static original-image C; complete body and helper behavior,matrix_family: 126/126 cases match (0 skipped) - PASS; Two fresh development scenarios; complete frozen bodies; independent relocated acceptance; original-value self predecrement stores
0x8c0c103c,ported-invocation,src/fight/tenpp_planned_adapters.inc,72,static original-image C; complete body and helper behavior,matrix_family: 128/128 cases match (0 skipped) - PASS; Two fresh development scenarios; complete frozen bodies; independent relocated acceptance; original-value self predecrement stores
0x8c08e920,ported-invocation,src/fight/tenpp_large_adapters.inc,666,static original-image C; complete body and helper behavior,"matrix_family: 2046/2046 cases match (0 skipped) - PASS; Whole frozen bodies; fresh states 21/27, independently varied fields, relocated held-out inputs, strict C replay."
0x8c091f60,ported-invocation,src/fight/tenpp_large_adapters.inc,566,static original-image C; complete body and helper behavior,"matrix_family: 1882/1882 cases match (0 skipped) - PASS; Whole frozen bodies; fresh states 21/27, independently varied fields, relocated held-out inputs, strict C replay."
0x8c09460a,ported-invocation,src/fight/tenpp_large_adapters.inc,520,static original-image C; complete body and helper behavior,"matrix_family: 1986/1986 cases match (0 skipped) - PASS; Whole frozen bodies; fresh states 21/27, independently varied fields, relocated held-out inputs, strict C replay."
0x8c0aed4a,ported-invocation,src/fight/tenpp_large_adapters.inc,738,static original-image C; complete body and helper behavior,"matrix_family: 1751/1751 cases match (0 skipped) - PASS; Whole frozen bodies; fresh states 21/27, independently varied fields, relocated held-out inputs, strict C replay."
0x8c034f28,ported-invocation,src/fight/tenpp_recovery_adapters.inc,46,static original-image C; complete body and helper behavior,matrix_family: 256/256 cases match (0 skipped) - PASS; Whole frozen bodies; fresh states 21/28 and independent relocated finite acceptance fixtures.
0x8c035bc8,ported-invocation,src/fight/tenpp_recovery_adapters.inc,42,static original-image C; complete body and helper behavior,matrix_family: 256/256 cases match (0 skipped) - PASS; Whole frozen bodies; fresh states 21/28 and independent relocated finite acceptance fixtures.
0x8c036610,ported-invocation,src/fight/tenpp_recovery_adapters.inc,36,static original-image C; complete body and helper behavior,matrix_family: 256/256 cases match (0 skipped) - PASS; Whole frozen bodies; fresh states 21/28 and independent relocated finite acceptance fixtures.
0x8c03665e,ported-invocation,src/fight/tenpp_recovery_adapters.inc,16,static original-image C; complete body and helper behavior,matrix_family: 256/256 cases match (0 skipped) - PASS; Whole frozen bodies; fresh states 21/28 and independent relocated finite acceptance fixtures.
0x8c0387f0,ported-invocation,src/fight/tenpp_recovery_adapters.inc,24,static original-image C; complete body and helper behavior,matrix_family: 255/255 cases match (0 skipped) - PASS; Whole frozen bodies; fresh states 21/28 and independent relocated finite acceptance fixtures.
0x8c038810,ported-invocation,src/fight/tenpp_recovery_adapters.inc,24,static original-image C; complete body and helper behavior,matrix_family: 255/255 cases match (0 skipped) - PASS; Whole frozen bodies; fresh states 21/28 and independent relocated finite acceptance fixtures.
0x8c038bc4,ported-invocation,src/fight/tenpp_recovery_adapters.inc,46,static original-image C; complete body and helper behavior,matrix_family: 191/191 cases match (0 skipped) - PASS; Whole frozen bodies; fresh states 21/28 and independent relocated finite acceptance fixtures.
0x8c03a5c0,ported-invocation,src/fight/tenpp_recovery_adapters.inc,22,static original-image C; complete body and helper behavior,matrix_family: 256/256 cases match (0 skipped) - PASS; Whole frozen bodies; fresh states 21/28 and independent relocated finite acceptance fixtures.
0x8c03ac16,ported-invocation,src/fight/tenpp_recovery_adapters.inc,28,static original-image C; complete body and helper behavior,matrix_family: 256/256 cases match (0 skipped) - PASS; Whole frozen bodies; fresh states 21/28 and independent relocated finite acceptance fixtures.
0x8c03b64a,ported-invocation,src/fight/tenpp_recovery_adapters.inc,10,static original-image C; complete body and helper behavior,matrix_family: 256/256 cases match (0 skipped) - PASS; Whole frozen bodies; fresh states 21/28 and independent relocated finite acceptance fixtures.
0x8c03c580,ported-invocation,src/fight/tenpp_recovery_adapters.inc,26,static original-image C; complete body and helper behavior,matrix_family: 256/256 cases match (0 skipped) - PASS; Whole frozen bodies; fresh states 21/28 and independent relocated finite acceptance fixtures.
0x8c03c680,ported-invocation,src/fight/tenpp_recovery_adapters.inc,54,static original-image C; complete body and helper behavior,matrix_family: 256/256 cases match (0 skipped) - PASS; Whole frozen bodies; fresh states 21/28 and independent relocated finite acceptance fixtures.
0x8c03d2e8,ported-invocation,src/fight/tenpp_recovery_adapters.inc,412,static original-image C; complete body and helper behavior,matrix_family: 254/254 cases match (0 skipped) - PASS; Whole frozen bodies; fresh states 21/28 and independent relocated finite acceptance fixtures.
0x8c03d718,ported-invocation,src/fight/tenpp_recovery_adapters.inc,282,static original-image C; complete body and helper behavior,matrix_family: 255/255 cases match (0 skipped) - PASS; Whole frozen bodies; fresh states 21/28 and independent relocated finite acceptance fixtures.
0x8c03e620,ported-invocation,src/fight/tenpp_recovery_adapters.inc,70,static original-image C; complete body and helper behavior,matrix_family: 252/252 cases match (0 skipped) - PASS; Whole frozen bodies; fresh states 21/28 and independent relocated finite acceptance fixtures.
0x8c03e790,ported-invocation,src/fight/tenpp_recovery_adapters.inc,54,static original-image C; complete body and helper behavior,matrix_family: 256/256 cases match (0 skipped) - PASS; Whole frozen bodies; fresh states 21/28 and independent relocated finite acceptance fixtures.
0x8c042c1e,ported-invocation,src/fight/tenpp_recovery_adapters.inc,174,static original-image C; complete body and helper behavior,matrix_family: 256/256 cases match (0 skipped) - PASS; Whole frozen bodies; fresh states 21/28 and independent relocated finite acceptance fixtures.
0x8c0455ca,ported-invocation,src/fight/tenpp_recovery_adapters.inc,148,static original-image C; complete body and helper behavior,matrix_family: 256/256 cases match (0 skipped) - PASS; Whole frozen bodies; fresh states 21/28 and independent relocated finite acceptance fixtures.
0x8c045ab4,ported-invocation,src/fight/tenpp_recovery_adapters.inc,42,static original-image C; complete body and helper behavior,matrix_family: 255/255 cases match (0 skipped) - PASS; Whole frozen bodies; fresh states 21/28 and independent relocated finite acceptance fixtures.
0x8c0463b2,ported-invocation,src/fight/tenpp_recovery_adapters.inc,56,static original-image C; complete body and helper behavior,matrix_family: 256/256 cases match (0 skipped) - PASS; Whole frozen bodies; fresh states 21/28 and independent relocated finite acceptance fixtures.
0x8c04689a,ported-invocation,src/fight/tenpp_recovery_adapters.inc,64,static original-image C; complete body and helper behavior,matrix_family: 256/256 cases match (0 skipped) - PASS; Whole frozen bodies; fresh states 21/28 and independent relocated finite acceptance fixtures.
0x8c0468de,ported-invocation,src/fight/tenpp_recovery_adapters.inc,70,static original-image C; complete body and helper behavior,matrix_family: 256/256 cases match (0 skipped) - PASS; Whole frozen bodies; fresh states 21/28 and independent relocated finite acceptance fixtures.
0x8c046928,ported-invocation,src/fight/tenpp_recovery_adapters.inc,70,static original-image C; complete body and helper behavior,matrix_family: 256/256 cases match (0 skipped) - PASS; Whole frozen bodies; fresh states 21/28 and independent relocated finite acceptance fixtures.
0x8c046aee,ported-invocation,src/fight/tenpp_recovery_adapters.inc,26,static original-image C; complete body and helper behavior,matrix_family: 256/256 cases match (0 skipped) - PASS; Whole frozen bodies; fresh states 21/28 and independent relocated finite acceptance fixtures.
0x8c0476f2,ported-invocation,src/fight/tenpp_recovery_adapters.inc,22,static original-image C; complete body and helper behavior,matrix_family: 256/256 cases match (0 skipped) - PASS; Whole frozen bodies; fresh states 21/28 and independent relocated finite acceptance fixtures.
0x8c04771e,ported-invocation,src/fight/tenpp_recovery_adapters.inc,40,static original-image C; complete body and helper behavior,matrix_family: 256/256 cases match (0 skipped) - PASS; Whole frozen bodies; fresh states 21/28 and independent relocated finite acceptance fixtures.
0x8c049f0c,ported-invocation,src/fight/tenpp_recovery_adapters.inc,30,static original-image C; complete body and helper behavior,matrix_family: 256/256 cases match (0 skipped) - PASS; Whole frozen bodies; fresh states 21/28 and independent relocated finite acceptance fixtures.
0x8c04c968,ported-invocation,src/fight/tenpp_recovery_adapters.inc,58,static original-image C; complete body and helper behavior,matrix_family: 253/253 cases match (0 skipped) - PASS; Whole frozen bodies; fresh states 21/28 and independent relocated finite acceptance fixtures.
0x8c04cb3e,ported-invocation,src/fight/tenpp_recovery_adapters.inc,32,static original-image C; complete body and helper behavior,matrix_family: 242/242 cases match (0 skipped) - PASS; Whole frozen bodies; fresh states 21/28 and independent relocated finite acceptance fixtures.
0x8c050128,ported-invocation,src/fight/tenpp_recovery_adapters.inc,36,static original-image C; complete body and helper behavior,matrix_family: 255/255 cases match (0 skipped) - PASS; Whole frozen bodies; fresh states 21/28 and independent relocated finite acceptance fixtures.
0x8c051b7e,ported-invocation,src/fight/tenpp_recovery_adapters.inc,26,static original-image C; complete body and helper behavior,matrix_family: 256/256 cases match (0 skipped) - PASS; Whole frozen bodies; fresh states 21/28 and independent relocated finite acceptance fixtures.
0x8c0521b6,ported-invocation,src/fight/tenpp_recovery_adapters.inc,24,static original-image C; complete body and helper behavior,matrix_family: 256/256 cases match (0 skipped) - PASS; Whole frozen bodies; fresh states 21/28 and independent relocated finite acceptance fixtures.
0x8c05283a,ported-invocation,src/fight/tenpp_recovery_adapters.inc,24,static original-image C; complete body and helper behavior,matrix_family: 256/256 cases match (0 skipped) - PASS; Whole frozen bodies; fresh states 21/28 and independent relocated finite acceptance fixtures.
0x8c056352,ported-invocation,src/fight/tenpp_recovery_adapters.inc,2,static original-image C; complete body and helper behavior,matrix_family: 256/256 cases match (0 skipped) - PASS; Whole frozen bodies; fresh states 21/28 and strict independent relocated acceptance.
0x8c059508,ported-invocation,src/fight/tenpp_recovery_adapters.inc,28,static original-image C; complete body and helper behavior,matrix_family: 256/256 cases match (0 skipped) - PASS; Whole frozen bodies; fresh states 21/28 and strict independent relocated acceptance.
0x8c059524,ported-invocation,src/fight/tenpp_recovery_adapters.inc,34,static original-image C; complete body and helper behavior,matrix_family: 256/256 cases match (0 skipped) - PASS; Whole frozen bodies; fresh states 21/28 and strict independent relocated acceptance.
0x8c059546,ported-invocation,src/fight/tenpp_recovery_adapters.inc,42,static original-image C; complete body and helper behavior,matrix_family: 256/256 cases match (0 skipped) - PASS; Whole frozen bodies; fresh states 21/28 and strict independent relocated acceptance.
0x8c059708,ported-invocation,src/fight/tenpp_recovery_adapters.inc,28,static original-image C; complete body and helper behavior,matrix_family: 256/256 cases match (0 skipped) - PASS; Whole frozen bodies; fresh states 21/28 and strict independent relocated acceptance.
0x8c059724,ported-invocation,src/fight/tenpp_recovery_adapters.inc,28,static original-image C; complete body and helper behavior,matrix_family: 256/256 cases match (0 skipped) - PASS; Whole frozen bodies; fresh states 21/28 and strict independent relocated acceptance.
0x8c059740,ported-invocation,src/fight/tenpp_recovery_adapters.inc,28,static original-image C; complete body and helper behavior,matrix_family: 256/256 cases match (0 skipped) - PASS; Whole frozen bodies; fresh states 21/28 and strict independent relocated acceptance.
0x8c05975c,ported-invocation,src/fight/tenpp_recovery_adapters.inc,28,static original-image C; complete body and helper behavior,matrix_family: 256/256 cases match (0 skipped) - PASS; Whole frozen bodies; fresh states 21/28 and strict independent relocated acceptance.
0x8c059778,ported-invocation,src/fight/tenpp_recovery_adapters.inc,28,static original-image C; complete body and helper behavior,matrix_family: 256/256 cases match (0 skipped) - PASS; Whole frozen bodies; fresh states 21/28 and strict independent relocated acceptance.
0x8c059794,ported-invocation,src/fight/tenpp_recovery_adapters.inc,26,static original-image C; complete body and helper behavior,matrix_family: 256/256 cases match (0 skipped) - PASS; Whole frozen bodies; fresh states 21/28 and strict independent relocated acceptance.
0x8c05cb74,ported-invocation,src/fight/tenpp_recovery_adapters.inc,24,static original-image C; complete body and helper behavior,matrix_family: 256/256 cases match (0 skipped) - PASS; Whole frozen bodies; fresh states 21/28 and strict independent relocated acceptance.
0x8c05e3dc,ported-invocation,src/fight/tenpp_recovery_adapters.inc,30,static original-image C; complete body and helper behavior,matrix_family: 256/256 cases match (0 skipped) - PASS; Whole frozen bodies; fresh states 21/28 and strict independent relocated acceptance.
0x8c05ed38,ported-invocation,src/fight/tenpp_recovery_adapters.inc,56,static original-image C; complete body and helper behavior,matrix_family: 256/256 cases match (0 skipped) - PASS; Whole frozen bodies; fresh states 21/28 and strict independent relocated acceptance.
0x8c061596,ported-invocation,src/fight/tenpp_recovery_adapters.inc,6,static original-image C; complete body and helper behavior,matrix_family: 132/132 cases match (0 skipped) - PASS; Whole frozen bodies; fresh states 21/28 and strict independent relocated acceptance.
0x8c061644,ported-invocation,src/fight/tenpp_recovery_adapters.inc,48,static original-image C; complete body and helper behavior,matrix_family: 223/223 cases match (0 skipped) - PASS; Whole frozen bodies; fresh states 21/28 and strict independent relocated acceptance.
0x8c061fca,ported-invocation,src/fight/tenpp_recovery_adapters.inc,22,static original-image C; complete body and helper behavior,matrix_family: 254/254 cases match (0 skipped) - PASS; Whole frozen bodies; fresh states 21/28 and strict independent relocated acceptance.
0x8c062ea4,ported-invocation,src/fight/tenpp_recovery_adapters.inc,32,static original-image C; complete body and helper behavior,matrix_family: 256/256 cases match (0 skipped) - PASS; Whole frozen bodies; fresh states 21/28 and strict independent relocated acceptance.
0x8c063368,ported-invocation,src/fight/tenpp_recovery_adapters.inc,22,static original-image C; complete body and helper behavior,matrix_family: 256/256 cases match (0 skipped) - PASS; Whole frozen bodies; fresh states 21/28 and strict independent relocated acceptance.
0x8c069702,ported-invocation,src/fight/tenpp_recovery_adapters.inc,40,static original-image C; complete body and helper behavior,matrix_family: 256/256 cases match (0 skipped) - PASS; Whole frozen bodies; fresh states 21/28 and strict independent relocated acceptance.
0x8c0698fc,ported-invocation,src/fight/tenpp_expanded_adapters.c,2364,static original-image C; complete body and helper behavior,matrix_family: 1000/1000 cases match (0 skipped) - PASS; Bounded original mutable statistics record; independent relocated acceptance; hardware-defined bounded FTRC oracle conversion
0x8c03d84a,ported-invocation,src/fight/tenpp_expanded_adapters.c,286,static original-image C; complete body and helper behavior,matrix_family: 510/510 cases match (0 skipped) - PASS; Independent typed input fields and relocated acceptance
0x8c084b16,ported-invocation,src/fight/tenpp_expanded_adapters.c,276,static original-image C; complete body and helper behavior,matrix_family: 508/508 cases match (0 skipped) - PASS; Independent typed input fields and relocated acceptance
0x8c08f13e,ported-invocation,src/fight/tenpp_expanded_adapters.c,476,static original-image C; complete body and helper behavior,matrix_family: 766/766 cases match (0 skipped) - PASS; Development states 27 and 28; independent finite floating inputs and relocated acceptance
0x8c07d222,ported-invocation,src/fight/tenpp_expanded_adapters.c,824,static original-image C; complete body and helper behavior,matrix_family: 2121/2121 cases match (0 skipped) - PASS; Original indexed lists and decoder/prologue contracts; independent boundary inputs and relocated acceptance
0x8c080930,ported-invocation,src/fight/tenpp_expanded_adapters.c,484,static original-image C; complete body and helper behavior,matrix_family: 1753/1753 cases match (0 skipped) - PASS; Original indexed lists and decoder/prologue contracts; independent boundary inputs and relocated acceptance
0x8c08d618,ported-invocation,src/fight/tenpp_expanded_adapters.c,564,static original-image C; complete body and helper behavior,matrix_family: 1725/1725 cases match (0 skipped) - PASS; Original indexed lists and decoder/prologue contracts; independent boundary inputs and relocated acceptance
0x8c08f8de,ported-invocation,src/fight/tenpp_expanded_adapters.c,896,static original-image C; complete body and helper behavior,matrix_family: 2382/2382 cases match (0 skipped) - PASS; Original indexed lists and decoder/prologue contracts; independent boundary inputs and relocated acceptance
0x8c09bade,ported-invocation,src/fight/tenpp_expanded_adapters.c,274,static original-image C; complete body and helper behavior,matrix_family: 3837/3837 cases match (0 skipped) - PASS; Original indexed lists and decoder/prologue contracts; independent boundary inputs and relocated acceptance
0x8c0ade3c,ported-invocation,src/fight/tenpp_expanded_adapters.c,270,static original-image C; complete body and helper behavior,matrix_family: 1925/1925 cases match (0 skipped) - PASS; Original indexed lists and decoder/prologue contracts; independent boundary inputs and relocated acceptance
0x8c084994,ported-invocation,src/fight/tenpp_expanded_adapters.c,258,static original-image C; complete body and helper behavior,matrix_family: 510/510 cases match (0 skipped) - PASS; Complete original bodies in multiple scenarios; independently varied registers with preserved memory contracts and relocated acceptance
0x8c08a4d8,ported-invocation,src/fight/tenpp_expanded_adapters.c,256,static original-image C; complete body and helper behavior,matrix_family: 512/512 cases match (0 skipped) - PASS; Complete original bodies in multiple scenarios; independently varied registers with preserved memory contracts and relocated acceptance
0x8c090970,ported-invocation,src/fight/tenpp_expanded_adapters.c,260,static original-image C; complete body and helper behavior,matrix_family: 510/510 cases match (0 skipped) - PASS; Complete original bodies in multiple scenarios; independently varied registers with preserved memory contracts and relocated acceptance
0x8c090ab0,ported-invocation,src/fight/tenpp_expanded_adapters.c,254,static original-image C; complete body and helper behavior,matrix_family: 117/117 cases match (0 skipped) - PASS; Complete original bodies in multiple scenarios; independently varied registers with preserved memory contracts and relocated acceptance
0x8c0ae324,ported-invocation,src/fight/tenpp_expanded_adapters.c,258,static original-image C; complete body and helper behavior,matrix_family: 511/511 cases match (0 skipped) - PASS; Complete original bodies in multiple scenarios; independently varied registers with preserved memory contracts and relocated acceptance
0x8c07b5f0,ported-invocation,src/fight/tenpp_recovery_adapters.inc,8,static original-image C; complete body and helper behavior,matrix_family: 372/372 cases match (0 skipped) - PASS; Complete original bodies in states 21 and 28; independent relocated typed acceptance
0x8c07b736,ported-invocation,src/fight/tenpp_recovery_adapters.inc,36,static original-image C; complete body and helper behavior,matrix_family: 511/511 cases match (0 skipped) - PASS; Complete original bodies in states 21 and 28; independent relocated typed acceptance
0x8c07b98a,ported-invocation,src/fight/tenpp_recovery_adapters.inc,22,static original-image C; complete body and helper behavior,matrix_family: 512/512 cases match (0 skipped) - PASS; Complete original bodies in states 21 and 28; independent relocated typed acceptance
0x8c07ba28,ported-invocation,src/fight/tenpp_recovery_adapters.inc,18,static original-image C; complete body and helper behavior,matrix_family: 185/185 cases match (0 skipped) - PASS; Complete original bodies in states 21 and 28; independent relocated typed acceptance
0x8c0805f8,ported-invocation,src/fight/tenpp_recovery_adapters.inc,26,static original-image C; complete body and helper behavior,matrix_family: 507/507 cases match (0 skipped) - PASS; Complete original bodies in states 21 and 28; independent relocated typed acceptance
0x8c0807f0,ported-invocation,src/fight/tenpp_recovery_adapters.inc,26,static original-image C; complete body and helper behavior,matrix_family: 508/508 cases match (0 skipped) - PASS; Complete original bodies in states 21 and 28; independent relocated typed acceptance
0x8c08080a,ported-invocation,src/fight/tenpp_recovery_adapters.inc,26,static original-image C; complete body and helper behavior,matrix_family: 507/507 cases match (0 skipped) - PASS; Complete original bodies in states 21 and 28; independent relocated typed acceptance
0x8c081098,ported-invocation,src/fight/tenpp_recovery_adapters.inc,36,static original-image C; complete body and helper behavior,matrix_family: 511/511 cases match (0 skipped) - PASS; Complete original bodies in states 21 and 28; independent relocated typed acceptance
0x8c081ce8,ported-invocation,src/fight/tenpp_recovery_adapters.inc,40,static original-image C; complete body and helper behavior,matrix_family: 509/509 cases match (0 skipped) - PASS; Complete original bodies in states 21 and 28; independent relocated typed acceptance
0x8c084c64,ported-invocation,src/fight/tenpp_expanded_adapters.c,292,static original-image C; complete body and helper behavior,matrix_family: 2286/2286 cases match (0 skipped) - PASS; Independent additional source states supply second scenario; complete body and relocated strict acceptance
0x8c03b874,ported-invocation,src/fight/tenpp_expanded_adapters.c,70,static original-image C; complete body and helper behavior,matrix_family: 1021/1021 cases match (0 skipped) - PASS; Original matrix-buffer/prologue contract and signed boundary arguments; independent relocated strict acceptance
0x8c05dfe6,ported-invocation,src/fight/tenpp_expanded_adapters.c,252,static original-image C; complete body and helper behavior,matrix_family: 1024/1024 cases match (0 skipped) - PASS; Original matrix-buffer/prologue contract and signed boundary arguments; independent relocated strict acceptance
0x8c037e6e,ported-invocation,src/fight/advance_closure_adapters.c,164,static original-image C; complete body and helper behavior,"matrix_family: 510/510 cases match (0 skipped) - PASS; Original descriptor initializer prologue contracts; independent states 23/29, input palette and relocated memory; immutable build/vf3matrixfamily_advance_initializers.exe"
0x8c037f2e,ported-invocation,src/fight/advance_closure_adapters.c,162,static original-image C; complete body and helper behavior,"matrix_family: 510/510 cases match (0 skipped) - PASS; Original descriptor initializer prologue contracts; independent states 23/29, input palette and relocated memory; immutable build/vf3matrixfamily_advance_initializers.exe"
0x8c037ffe,ported-invocation,src/fight/advance_closure_adapters.c,162,static original-image C; complete body and helper behavior,"matrix_family: 510/510 cases match (0 skipped) - PASS; Original descriptor initializer prologue contracts; independent states 23/29, input palette and relocated memory; immutable build/vf3matrixfamily_advance_initializers.exe"
0x8c03dad0,ported-invocation,src/fight/advance_worker_adapters.c,198,static original-image C; complete body and helper behavior,"matrix_family: 511/511 cases match (0 skipped) - PASS; Seven descriptor and scene workers; complete development across states 21/27, independent relocated holdout acceptance across states 23/29, strict zero-skip complete-state replay."
0x8c03ea22,ported-invocation,src/fight/advance_worker_adapters.c,174,static original-image C; complete body and helper behavior,"matrix_family: 510/510 cases match (0 skipped) - PASS; Seven descriptor and scene workers; complete development across states 21/27, independent relocated holdout acceptance across states 23/29, strict zero-skip complete-state replay."
0x8c06c6d6,ported-invocation,src/fight/advance_worker_adapters.c,182,static original-image C; complete body and helper behavior,"matrix_family: 397/397 cases match (0 skipped) - PASS; Seven descriptor and scene workers; complete development across states 21/27, independent relocated holdout acceptance across states 23/29, strict zero-skip complete-state replay."
0x8c085666,ported-invocation,src/fight/advance_worker_adapters.c,402,static original-image C; complete body and helper behavior,"matrix_family: 353/353 cases match (0 skipped) - PASS; Seven descriptor and scene workers; complete development across states 21/27, independent relocated holdout acceptance across states 23/29, strict zero-skip complete-state replay."
0x8c0abcdc,ported-invocation,src/fight/advance_worker_adapters.c,168,static original-image C; complete body and helper behavior,"matrix_family: 386/386 cases match (0 skipped) - PASS; Seven descriptor and scene workers; complete development across states 21/27, independent relocated holdout acceptance across states 23/29, strict zero-skip complete-state replay."
0x8c0ca0c6,ported-invocation,src/fight/advance_worker_adapters.c,154,static original-image C; complete body and helper behavior,"matrix_family: 512/512 cases match (0 skipped) - PASS; Seven descriptor and scene workers; complete development across states 21/27, independent relocated holdout acceptance across states 23/29, strict zero-skip complete-state replay."
0x8c06c398,ported-invocation,src/fight/tenpp_recovery_adapters.inc,56,static original-image C; complete body and helper behavior,"matrix_family: 486/486 cases match (0 skipped) - PASS; Fresh nested observations with rollback descendants rejected and coherent cache snapshots; states 21/27 development, independent relocated holdout states 23/29 acceptance."
0x8c06c5c8,ported-invocation,src/fight/motion_adapters_1.c,8,static original-image C; complete body and helper behavior,"matrix_family: 487/487 cases match (0 skipped) - PASS; Fresh nested observations with rollback descendants rejected and coherent cache snapshots; states 21/27 development, independent relocated holdout states 23/29 acceptance."
0x8c08583c,ported-invocation,src/fight/tenpp_planned_adapters.inc,158,static original-image C; complete body and helper behavior,"matrix_family: 512/512 cases match (0 skipped) - PASS; Fresh nested observations with rollback descendants rejected and coherent cache snapshots; states 21/27 development, independent relocated holdout states 23/29 acceptance."
0x8c03772c,ported-invocation,src/fight/advance_worker_adapters.c,92,static original-image C; complete body and helper behavior,matrix_family: 512/512 cases match (0 skipped) - PASS; Longer fresh captures complete all invocations across states 21/27; original static control flow and callees translated before independent relocated holdout states 23/29 acceptance; strict replay without skips.
0x8c047690,ported-invocation,src/fight/advance_worker_adapters.c,166,static original-image C; complete body and helper behavior,matrix_family: 478/478 cases match (0 skipped) - PASS; Longer fresh captures complete all invocations across states 21/27; original static control flow and callees translated before independent relocated holdout states 23/29 acceptance; strict replay without skips.
0x8c05d5a8,ported-invocation,src/fight/advance_worker_adapters.c,166,static original-image C; complete body and helper behavior,matrix_family: 512/512 cases match (0 skipped) - PASS; Longer fresh captures complete all invocations across states 21/27; original static control flow and callees translated before independent relocated holdout states 23/29 acceptance; strict replay without skips.
0x8c07d5ca,ported-invocation,src/fight/advance_worker_adapters.c,348,static original-image C; complete body and helper behavior,matrix_family: 505/505 cases match (0 skipped) - PASS; Longer fresh captures complete all invocations across states 21/27; original static control flow and callees translated before independent relocated holdout states 23/29 acceptance; strict replay without skips.
0x8c084e36,ported-invocation,src/fight/advance_worker_adapters.c,196,static original-image C; complete body and helper behavior,matrix_family: 511/511 cases match (0 skipped) - PASS; Longer fresh captures complete all invocations across states 21/27; original static control flow and callees translated before independent relocated holdout states 23/29 acceptance; strict replay without skips.
0x8c088c4c,ported-invocation,src/fight/advance_worker_adapters.c,186,static original-image C; complete body and helper behavior,matrix_family: 118/118 cases match (0 skipped) - PASS; Longer fresh captures complete all invocations across states 21/27; original static control flow and callees translated before independent relocated holdout states 23/29 acceptance; strict replay without skips.
0x8c0896da,ported-invocation,src/fight/advance_worker_adapters.c,116,static original-image C; complete body and helper behavior,matrix_family: 511/511 cases match (0 skipped) - PASS; Longer fresh captures complete all invocations across states 21/27; original static control flow and callees translated before independent relocated holdout states 23/29 acceptance; strict replay without skips.
0x8c08976c,ported-invocation,src/fight/advance_worker_adapters.c,98,static original-image C; complete body and helper behavior,matrix_family: 476/476 cases match (0 skipped) - PASS; Longer fresh captures complete all invocations across states 21/27; original static control flow and callees translated before independent relocated holdout states 23/29 acceptance; strict replay without skips.
0x8c0897ec,ported-invocation,src/fight/advance_worker_adapters.c,96,static original-image C; complete body and helper behavior,matrix_family: 489/489 cases match (0 skipped) - PASS; Longer fresh captures complete all invocations across states 21/27; original static control flow and callees translated before independent relocated holdout states 23/29 acceptance; strict replay without skips.
0x8c08a2dc,ported-invocation,src/fight/advance_worker_adapters.c,414,static original-image C; complete body and helper behavior,matrix_family: 510/510 cases match (0 skipped) - PASS; Longer fresh captures complete all invocations across states 21/27; original static control flow and callees translated before independent relocated holdout states 23/29 acceptance; strict replay without skips.
0x8c08a6f8,ported-invocation,src/fight/advance_worker_adapters.c,146,static original-image C; complete body and helper behavior,matrix_family: 511/511 cases match (0 skipped) - PASS; Longer fresh captures complete all invocations across states 21/27; original static control flow and callees translated before independent relocated holdout states 23/29 acceptance; strict replay without skips.
0x8c08ce72,ported-invocation,src/fight/advance_worker_adapters.c,160,static original-image C; complete body and helper behavior,matrix_family: 476/476 cases match (0 skipped) - PASS; Longer fresh captures complete all invocations across states 21/27; original static control flow and callees translated before independent relocated holdout states 23/29 acceptance; strict replay without skips.
0x8c08d250,ported-invocation,src/fight/advance_worker_adapters.c,128,static original-image C; complete body and helper behavior,matrix_family: 378/378 cases match (0 skipped) - PASS; Longer fresh captures complete all invocations across states 21/27; original static control flow and callees translated before independent relocated holdout states 23/29 acceptance; strict replay without skips.
0x8c08d46e,ported-invocation,src/fight/advance_worker_adapters.c,164,static original-image C; complete body and helper behavior,matrix_family: 500/500 cases match (0 skipped) - PASS; Longer fresh captures complete all invocations across states 21/27; original static control flow and callees translated before independent relocated holdout states 23/29 acceptance; strict replay without skips.
0x8c0907f0,ported-invocation,src/fight/advance_worker_adapters.c,326,static original-image C; complete body and helper behavior,matrix_family: 164/164 cases match (0 skipped) - PASS; Longer fresh captures complete all invocations across states 21/27; original static control flow and callees translated before independent relocated holdout states 23/29 acceptance; strict replay without skips.
0x8c090c94,ported-invocation,src/fight/advance_worker_adapters.c,334,static original-image C; complete body and helper behavior,matrix_family: 512/512 cases match (0 skipped) - PASS; Longer fresh captures complete all invocations across states 21/27; original static control flow and callees translated before independent relocated holdout states 23/29 acceptance; strict replay without skips.
0x8c096a60,ported-invocation,src/fight/advance_worker_adapters.c,120,static original-image C; complete body and helper behavior,matrix_family: 512/512 cases match (0 skipped) - PASS; Longer fresh captures complete all invocations across states 21/27; original static control flow and callees translated before independent relocated holdout states 23/29 acceptance; strict replay without skips.
0x8c0c0218,ported-invocation,src/fight/advance_worker_adapters.c,466,static original-image C; complete body and helper behavior,matrix_family: 509/509 cases match (0 skipped) - PASS; Longer fresh captures complete all invocations across states 21/27; original static control flow and callees translated before independent relocated holdout states 23/29 acceptance; strict replay without skips.
0x8c0ca196,ported-invocation,src/fight/advance_worker_adapters.c,154,static original-image C; complete body and helper behavior,matrix_family: 512/512 cases match (0 skipped) - PASS; Longer fresh captures complete all invocations across states 21/27; original static control flow and callees translated before independent relocated holdout states 23/29 acceptance; strict replay without skips.
0x8c04ce42,ported-invocation,src/fight/advance_worker_adapters.c,140,static original-image C; complete body and helper behavior,matrix_family: 376/376 cases match (0 skipped) - PASS; Eight complete-body one-indirect-call workers; development states 21/27 and independent relocated holdout states 23/29; strict complete-state replay without skips.
0x8c05cb0a,ported-invocation,src/fight/advance_worker_adapters.c,100,static original-image C; complete body and helper behavior,matrix_family: 200/200 cases match (0 skipped) - PASS; Eight complete-body one-indirect-call workers; development states 21/27 and independent relocated holdout states 23/29; strict complete-state replay without skips.
0x8c06120e,ported-invocation,src/fight/advance_worker_adapters.c,118,static original-image C; complete body and helper behavior,matrix_family: 508/508 cases match (0 skipped) - PASS; Eight complete-body one-indirect-call workers; development states 21/27 and independent relocated holdout states 23/29; strict complete-state replay without skips.
0x8c06c5d0,ported-invocation,src/fight/advance_worker_adapters.c,106,static original-image C; complete body and helper behavior,matrix_family: 267/267 cases match (0 skipped) - PASS; Eight complete-body one-indirect-call workers; development states 21/27 and independent relocated holdout states 23/29; strict complete-state replay without skips.
0x8c08066a,ported-invocation,src/fight/advance_worker_adapters.c,96,static original-image C; complete body and helper behavior,matrix_family: 511/511 cases match (0 skipped) - PASS; Eight complete-body one-indirect-call workers; development states 21/27 and independent relocated holdout states 23/29; strict complete-state replay without skips.
0x8c088d10,ported-invocation,src/fight/advance_worker_adapters.c,136,static original-image C; complete body and helper behavior,matrix_family: 478/478 cases match (0 skipped) - PASS; Eight complete-body one-indirect-call workers; development states 21/27 and independent relocated holdout states 23/29; strict complete-state replay without skips.
0x8c08961c,ported-invocation,src/fight/advance_worker_adapters.c,112,static original-image C; complete body and helper behavior,matrix_family: 413/413 cases match (0 skipped) - PASS; Eight complete-body one-indirect-call workers; development states 21/27 and independent relocated holdout states 23/29; strict complete-state replay without skips.
0x8c0b1470,ported-invocation,src/fight/advance_worker_adapters.c,176,static original-image C; complete body and helper behavior,matrix_family: 476/476 cases match (0 skipped) - PASS; Eight complete-body one-indirect-call workers; development states 21/27 and independent relocated holdout states 23/29; strict complete-state replay without skips.
0x8c037d9e,ported-invocation,src/fight/advance_worker_adapters.c,138,static original-image C; complete body and helper behavior,"matrix_family: 512/512 cases match (0 skipped) - PASS; Two complete-body descriptor leaves from grouped original-interpreter probes; development states 21/27, independent relocated holdout states 23/29; strict complete-state replay without skips."
0x8c0380a8,ported-invocation,src/fight/advance_worker_adapters.c,54,static original-image C; complete body and helper behavior,"matrix_family: 424/424 cases match (0 skipped) - PASS; Two complete-body descriptor leaves from grouped original-interpreter probes; development states 21/27, independent relocated holdout states 23/29; strict complete-state replay without skips."
0x8c04baf6,ported-invocation,src/fight/advance_worker_adapters.c,162,static original-image C; complete body and helper behavior,"matrix_family: 318/318 cases match (0 skipped) - PASS; Original probe-only whole-body development and fresh completed probe-only acceptance, with relocated holdout fixtures and strict zero-skip replay; no incomplete acceptance invocation."
0x8c036356,ported-invocation,src/fight/advance_worker_adapters.c,112,static original-image C; complete body and helper behavior,matrix_family: 1024/1024 cases match (0 skipped) - PASS; Complete original-game invocations across states 10/20/25/40; independent states 14/23/29/44; strict full register/RAM/device replay without skips; firmware and device-mismatch paths excluded.
0x8c043064,ported-invocation,src/fight/advance_worker_adapters.c,34,static original-image C; complete body and helper behavior,matrix_family: 682/682 cases match (0 skipped) - PASS; Complete original-game invocations across states 10/20/25/40; independent states 14/23/29/44; strict full register/RAM/device replay without skips; firmware and device-mismatch paths excluded.
0x8c043d04,ported-invocation,src/fight/advance_worker_adapters.c,16,static original-image C; complete body and helper behavior,matrix_family: 1024/1024 cases match (0 skipped) - PASS; Complete original-game invocations across states 10/20/25/40; independent states 14/23/29/44; strict full register/RAM/device replay without skips; firmware and device-mismatch paths excluded.
0x8c04cb72,ported-invocation,src/fight/advance_worker_adapters.c,38,static original-image C; complete body and helper behavior,matrix_family: 1023/1023 cases match (0 skipped) - PASS; Complete original-game invocations across states 10/20/25/40; independent states 14/23/29/44; strict full register/RAM/device replay without skips; firmware and device-mismatch paths excluded.
0x8c0612fc,ported-invocation,src/fight/advance_worker_adapters.c,62,static original-image C; complete body and helper behavior,matrix_family: 163/163 cases match (0 skipped) - PASS; Complete original-game invocations across states 10/20/25/40; independent states 14/23/29/44; strict full register/RAM/device replay without skips; firmware and device-mismatch paths excluded.
0x8c0624e4,ported-invocation,src/fight/advance_worker_adapters.c,36,static original-image C; complete body and helper behavior,matrix_family: 169/169 cases match (0 skipped) - PASS; Complete original-game invocations across states 10/20/25/40; independent states 14/23/29/44; strict full register/RAM/device replay without skips; firmware and device-mismatch paths excluded.
0x8c071abc,ported-invocation,src/fight/advance_worker_adapters.c,34,static original-image C; complete body and helper behavior,matrix_family: 690/690 cases match (0 skipped) - PASS; Complete original-game invocations across states 10/20/25/40; independent states 14/23/29/44; strict full register/RAM/device replay without skips; firmware and device-mismatch paths excluded.
0x8c0380e8,ported-invocation,src/fight/advance_worker_adapters.c,54,static original-image C; complete body and helper behavior,matrix_family: 424/424 cases match (0 skipped) - PASS; Additional typed descriptor and arithmetic leaves; complete-body development states 21/27 and independent relocated holdout states 23/29; strict complete-state replay without skips; three GD-ROM firmware wrappers excluded.
0x8c038158,ported-invocation,src/fight/advance_worker_adapters.c,54,static original-image C; complete body and helper behavior,matrix_family: 430/430 cases match (0 skipped) - PASS; Additional typed descriptor and arithmetic leaves; complete-body development states 21/27 and independent relocated holdout states 23/29; strict complete-state replay without skips; three GD-ROM firmware wrappers excluded.
0x8c038192,ported-invocation,src/fight/advance_worker_adapters.c,44,static original-image C; complete body and helper behavior,matrix_family: 189/189 cases match (0 skipped) - PASS; Additional typed descriptor and arithmetic leaves; complete-body development states 21/27 and independent relocated holdout states 23/29; strict complete-state replay without skips; three GD-ROM firmware wrappers excluded.
0x8c03a160,ported-invocation,src/fight/advance_worker_adapters.c,38,static original-image C; complete body and helper behavior,matrix_family: 511/511 cases match (0 skipped) - PASS; Additional typed descriptor and arithmetic leaves; complete-body development states 21/27 and independent relocated holdout states 23/29; strict complete-state replay without skips; three GD-ROM firmware wrappers excluded.
0x8c03a1ba,ported-invocation,src/fight/advance_worker_adapters.c,32,static original-image C; complete body and helper behavior,matrix_family: 512/512 cases match (0 skipped) - PASS; Additional typed descriptor and arithmetic leaves; complete-body development states 21/27 and independent relocated holdout states 23/29; strict complete-state replay without skips; three GD-ROM firmware wrappers excluded.
0x8c03a6a4,ported-invocation,src/fight/advance_worker_adapters.c,36,static original-image C; complete body and helper behavior,matrix_family: 511/511 cases match (0 skipped) - PASS; Additional typed descriptor and arithmetic leaves; complete-body development states 21/27 and independent relocated holdout states 23/29; strict complete-state replay without skips; three GD-ROM firmware wrappers excluded.
0x8c03a772,ported-invocation,src/fight/advance_worker_adapters.c,60,static original-image C; complete body and helper behavior,matrix_family: 512/512 cases match (0 skipped) - PASS; Additional typed descriptor and arithmetic leaves; complete-body development states 21/27 and independent relocated holdout states 23/29; strict complete-state replay without skips; three GD-ROM firmware wrappers excluded.
0x8c03a7c0,ported-invocation,src/fight/advance_worker_adapters.c,70,static original-image C; complete body and helper behavior,matrix_family: 510/510 cases match (0 skipped) - PASS; Additional typed descriptor and arithmetic leaves; complete-body development states 21/27 and independent relocated holdout states 23/29; strict complete-state replay without skips; three GD-ROM firmware wrappers excluded.
0x8c03a9fc,ported-invocation,src/fight/advance_worker_adapters.c,84,static original-image C; complete body and helper behavior,matrix_family: 512/512 cases match (0 skipped) - PASS; Additional typed descriptor and arithmetic leaves; complete-body development states 21/27 and independent relocated holdout states 23/29; strict complete-state replay without skips; three GD-ROM firmware wrappers excluded.
0x8c03ce38,ported-invocation,src/fight/advance_worker_adapters.c,52,static original-image C; complete body and helper behavior,matrix_family: 512/512 cases match (0 skipped) - PASS; Additional typed descriptor and arithmetic leaves; complete-body development states 21/27 and independent relocated holdout states 23/29; strict complete-state replay without skips; three GD-ROM firmware wrappers excluded.
0x8c03d2b0,ported-invocation,src/fight/advance_worker_adapters.c,32,static original-image C; complete body and helper behavior,matrix_family: 198/198 cases match (0 skipped) - PASS; Additional typed descriptor and arithmetic leaves; complete-body development states 21/27 and independent relocated holdout states 23/29; strict complete-state replay without skips; three GD-ROM firmware wrappers excluded.
0x8c03e000,ported-invocation,src/fight/advance_worker_adapters.c,54,static original-image C; complete body and helper behavior,matrix_family: 313/313 cases match (0 skipped) - PASS; Fresh isolated captures replace a rejected short grouped run; full-body development states 21/27 and independent relocated holdout states 23/29; strict complete-state replay without skips.
0x8c03fff0,ported-invocation,src/fight/advance_worker_adapters.c,28,static original-image C; complete body and helper behavior,matrix_family: 132/132 cases match (0 skipped) - PASS; Fresh isolated captures replace a rejected short grouped run; full-body development states 21/27 and independent relocated holdout states 23/29; strict complete-state replay without skips.
0x8c072162,ported-invocation,src/fight/advance_worker_adapters.c,140,static original-image C; complete body and helper behavior,"matrix_family: 674/674 cases match (0 skipped) - PASS; Original 072076 prologue initializes nested frozen vector-grid blocks; finite bounded input contract and relocated independent holdout, zero skipped cases."
0x8c07235c,ported-invocation,src/fight/advance_worker_adapters.c,34,static original-image C; complete body and helper behavior,"matrix_family: 167/167 cases match (0 skipped) - PASS; Original 072076 prologue initializes nested frozen vector-grid blocks; finite bounded input contract and relocated independent holdout, zero skipped cases."
0x8c07237e,ported-invocation,src/fight/advance_worker_adapters.c,32,static original-image C; complete body and helper behavior,"matrix_family: 167/167 cases match (0 skipped) - PASS; Original 072076 prologue initializes nested frozen vector-grid blocks; finite bounded input contract and relocated independent holdout, zero skipped cases."
0x8c07239e,ported-invocation,src/fight/advance_worker_adapters.c,140,static original-image C; complete body and helper behavior,"matrix_family: 167/167 cases match (0 skipped) - PASS; Original 072076 prologue initializes nested frozen vector-grid blocks; finite bounded input contract and relocated independent holdout, zero skipped cases."
0x8c07242a,ported-invocation,src/fight/advance_worker_adapters.c,28,static original-image C; complete body and helper behavior,"matrix_family: 167/167 cases match (0 skipped) - PASS; Original 072076 prologue initializes nested frozen vector-grid blocks; finite bounded input contract and relocated independent holdout, zero skipped cases."
0x8c072446,ported-invocation,src/fight/advance_worker_adapters.c,38,static original-image C; complete body and helper behavior,"matrix_family: 167/167 cases match (0 skipped) - PASS; Original 072076 prologue initializes nested frozen vector-grid blocks; finite bounded input contract and relocated independent holdout, zero skipped cases."
0x8c07246c,ported-invocation,src/fight/advance_worker_adapters.c,40,static original-image C; complete body and helper behavior,"matrix_family: 167/167 cases match (0 skipped) - PASS; Original 072076 prologue initializes nested frozen vector-grid blocks; finite bounded input contract and relocated independent holdout, zero skipped cases."
0x8c072494,ported-invocation,src/fight/advance_worker_adapters.c,66,static original-image C; complete body and helper behavior,"matrix_family: 167/167 cases match (0 skipped) - PASS; Original 072076 prologue initializes nested frozen vector-grid blocks; finite bounded input contract and relocated independent holdout, zero skipped cases."
0x8c0724dc,ported-invocation,src/fight/advance_worker_adapters.c,34,static original-image C; complete body and helper behavior,"matrix_family: 111/111 cases match (0 skipped) - PASS; Original 072076 prologue initializes nested frozen vector-grid blocks; finite bounded input contract and relocated independent holdout, zero skipped cases."
0x8c0724fe,ported-invocation,src/fight/advance_worker_adapters.c,32,static original-image C; complete body and helper behavior,"matrix_family: 111/111 cases match (0 skipped) - PASS; Original 072076 prologue initializes nested frozen vector-grid blocks; finite bounded input contract and relocated independent holdout, zero skipped cases."
0x8c07251e,ported-invocation,src/fight/advance_worker_adapters.c,32,static original-image C; complete body and helper behavior,"matrix_family: 111/111 cases match (0 skipped) - PASS; Original 072076 prologue initializes nested frozen vector-grid blocks; finite bounded input contract and relocated independent holdout, zero skipped cases."
0x8c07253e,ported-invocation,src/fight/advance_worker_adapters.c,140,static original-image C; complete body and helper behavior,"matrix_family: 111/111 cases match (0 skipped) - PASS; Original 072076 prologue initializes nested frozen vector-grid blocks; finite bounded input contract and relocated independent holdout, zero skipped cases."
0x8c0725ca,ported-invocation,src/fight/advance_worker_adapters.c,28,static original-image C; complete body and helper behavior,"matrix_family: 111/111 cases match (0 skipped) - PASS; Original 072076 prologue initializes nested frozen vector-grid blocks; finite bounded input contract and relocated independent holdout, zero skipped cases."
0x8c0725e6,ported-invocation,src/fight/advance_worker_adapters.c,38,static original-image C; complete body and helper behavior,"matrix_family: 111/111 cases match (0 skipped) - PASS; Original 072076 prologue initializes nested frozen vector-grid blocks; finite bounded input contract and relocated independent holdout, zero skipped cases."
0x8c07260c,ported-invocation,src/fight/advance_worker_adapters.c,40,static original-image C; complete body and helper behavior,"matrix_family: 111/111 cases match (0 skipped) - PASS; Original 072076 prologue initializes nested frozen vector-grid blocks; finite bounded input contract and relocated independent holdout, zero skipped cases."
0x8c072634,ported-invocation,src/fight/advance_worker_adapters.c,66,static original-image C; complete body and helper behavior,"matrix_family: 111/111 cases match (0 skipped) - PASS; Original 072076 prologue initializes nested frozen vector-grid blocks; finite bounded input contract and relocated independent holdout, zero skipped cases."
0x8c07267c,ported-invocation,src/fight/advance_worker_adapters.c,34,static original-image C; complete body and helper behavior,"matrix_family: 167/167 cases match (0 skipped) - PASS; Original 072076 prologue initializes nested frozen vector-grid blocks; finite bounded input contract and relocated independent holdout, zero skipped cases."
0x8c07269e,ported-invocation,src/fight/advance_worker_adapters.c,32,static original-image C; complete body and helper behavior,"matrix_family: 167/167 cases match (0 skipped) - PASS; Original 072076 prologue initializes nested frozen vector-grid blocks; finite bounded input contract and relocated independent holdout, zero skipped cases."
0x8c0726be,ported-invocation,src/fight/advance_worker_adapters.c,140,static original-image C; complete body and helper behavior,"matrix_family: 167/167 cases match (0 skipped) - PASS; Original 072076 prologue initializes nested frozen vector-grid blocks; finite bounded input contract and relocated independent holdout, zero skipped cases."
0x8c07274a,ported-invocation,src/fight/advance_worker_adapters.c,28,static original-image C; complete body and helper behavior,"matrix_family: 167/167 cases match (0 skipped) - PASS; Original 072076 prologue initializes nested frozen vector-grid blocks; finite bounded input contract and relocated independent holdout, zero skipped cases."
0x8c072766,ported-invocation,src/fight/advance_worker_adapters.c,38,static original-image C; complete body and helper behavior,"matrix_family: 167/167 cases match (0 skipped) - PASS; Original 072076 prologue initializes nested frozen vector-grid blocks; finite bounded input contract and relocated independent holdout, zero skipped cases."
0x8c07278c,ported-invocation,src/fight/advance_worker_adapters.c,40,static original-image C; complete body and helper behavior,"matrix_family: 167/167 cases match (0 skipped) - PASS; Original 072076 prologue initializes nested frozen vector-grid blocks; finite bounded input contract and relocated independent holdout, zero skipped cases."
0x8c072902,ported-invocation,src/fight/advance_worker_adapters.c,140,static original-image C; complete body and helper behavior,"matrix_family: 674/674 cases match (0 skipped) - PASS; Original 072076 prologue initializes nested frozen vector-grid blocks; finite bounded input contract and relocated independent holdout, zero skipped cases."
0x8c0591a0,ported-invocation,src/fight/advance_worker_adapters.c,148,static original-image C; complete body and helper behavior,matrix_family: 478/478 cases match (0 skipped) - PASS; Ranked leaf captures across states 21/27 with independent relocated holdout acceptance across 23/29; complete state matches and zero skips.
0x8c088222,ported-invocation,src/fight/advance_worker_adapters.c,128,static original-image C; complete body and helper behavior,matrix_family: 510/510 cases match (0 skipped) - PASS; Ranked leaf captures across states 21/27 with independent relocated holdout acceptance across 23/29; complete state matches and zero skips.
0x8c08b73c,ported-invocation,src/fight/advance_worker_adapters.c,130,static original-image C; complete body and helper behavior,matrix_family: 511/511 cases match (0 skipped) - PASS; Ranked leaf captures across states 21/27 with independent relocated holdout acceptance across 23/29; complete state matches and zero skips.
0x8c07ef90,ported-invocation,src/fight/advance_worker_adapters.c,100,static original-image C; complete body and helper behavior,matrix_family: 132/132 cases match (0 skipped) - PASS; Ranked zero-dynamic leaf with complete 100-byte body across two development states and independently relocated finite holdout input across two acceptance states; all cases pass strict replay.
0x8c0876f2,ported-invocation,src/fight/advance_leaf_ranked_more_adapters.c,66,static original-image C; complete body and helper behavior,matrix_family: 415/415 cases match (0 skipped) - PASS; Complete-body relocated holdout replay in states 23/29 with bounded mixed inputs.
0x8c08d406,ported-invocation,src/fight/advance_leaf_ranked_more_adapters.c,70,static original-image C; complete body and helper behavior,matrix_family: 415/415 cases match (0 skipped) - PASS; Complete-body relocated holdout replay in states 23/29 with bounded mixed inputs.
0x8c0ac192,ported-invocation,src/fight/advance_leaf_ranked_more_adapters.c,82,static original-image C; complete body and helper behavior,matrix_family: 192/192 cases match (0 skipped) - PASS; Complete-body relocated holdout replay in states 23/29 with bounded mixed inputs.
0x8c0c2278,ported-invocation,src/fight/advance_worker_adapters.c,984,static original-image C; complete body and helper behavior,matrix_family: 939/939 cases match (0 skipped) - PASS; 984-byte body fully executed; development used state21 with and without m26 playback; relocated state21/m26 holdout; strict replay passed with zero skips
0x8c041b94,ported-invocation,src/fight/advance_leaf_041b94_adapters.c,362,static original-image C; complete body and helper behavior,"matrix_family: 366/366 cases match (0 skipped) - PASS; r5=9 remainder branches, full selector cross-product, state21/m26 independent relocated holdout"
0x8c05b20e,ported-invocation,src/fight/advance_05b20e_adapters.c,1322,static original-image C; complete body and helper behavior,"matrix_family: 509/509 cases match (0 skipped) - PASS; complete 1,322-byte codec body; 509 strict dev cases in state21 and state21/m26 scenarios; independent relocated state21/m26 holdout"
0x8c0c051a,ported-invocation,src/fight/tenpp_expanded_adapters.c,506,static original-image C; complete body and helper behavior,"matrix_family: 789/789 cases match (0 skipped) - PASS; Complete 506-byte descriptor routine; 789 development and 128 relocated holdout cases, with selector and frame-threshold paths exercised."
0x8c062616,ported-invocation,src/fight/tenpp_survey_adapters_3.c,142,static original-image C; complete body and helper behavior,matrix_family: 132/132 cases match (0 skipped) - PASS; Complete 142-byte linked-list routine; development and relocated holdout use an explicitly initialized three-node ordering.
0x8c0632d2,ported-invocation,src/fight/tenpp_acceptance_adapters.inc,92,static original-image C; complete body and helper behavior,matrix_family: 513/513 cases match (0 skipped) - PASS; table-query branch and no-match path; explicit register/RAM overrides
0x8c0c0772,ported-invocation,src/fight/tenpp_expanded_adapters.c,990,static original-image C; complete body and helper behavior,matrix_family: 3532/3532 cases match (0 skipped) - PASS; existing expanded C adapter; bounded counters and indirect helper paths
0x8c05ee6e,ported-invocation,src/fight/matrix_adapters.c,486,static original-image C; complete body and helper behavior,matrix_family: 512/512 cases match (0 skipped) - PASS; Full 486-byte descriptor flag body; 512 development and 256 independent relocated state23/29 holdout cases; zero skipped cases
0x8c061910,ported-invocation,src/fight/matrix_adapters.c,136,static original-image C; complete body and helper behavior,matrix_family: 512/512 cases match (0 skipped) - PASS; Full 136-byte signed-maxima list scan; two-node development and independently relocated three-node holdout lists; disabled-node flags; zero skipped cases
0x8c03c220,ported-invocation,src/fight/advance_scene_commands.c,24,static original-image C; complete body and helper behavior,matrix_family: 512/512 cases match (0 skipped) - PASS; Full frozen bodies; independent changed inputs and relocated fixture pointers across states 23/29; immutable strict replay snapshot.
0x8c045b0a,ported-invocation,src/fight/device_adapters_0.c,42,static original-image C; complete body and helper behavior,matrix_family: 512/512 cases match (0 skipped) - PASS; Full frozen bodies; independent changed inputs and relocated fixture pointers across states 23/29; immutable strict replay snapshot.
0x8c045b60,ported-invocation,src/fight/device_adapters_0.c,24,static original-image C; complete body and helper behavior,matrix_family: 510/510 cases match (0 skipped) - PASS; Full frozen bodies; independent changed inputs and relocated fixture pointers across states 23/29; immutable strict replay snapshot.
0x8c045ce6,ported-invocation,src/fight/advance_scene_commands.c,44,static original-image C; complete body and helper behavior,matrix_family: 512/512 cases match (0 skipped) - PASS; Full frozen bodies; independent changed inputs and relocated fixture pointers across states 23/29; immutable strict replay snapshot.
0x8c045d3e,ported-invocation,src/fight/advance_scene_commands.c,26,static original-image C; complete body and helper behavior,matrix_family: 512/512 cases match (0 skipped) - PASS; Full frozen bodies; independent changed inputs and relocated fixture pointers across states 23/29; immutable strict replay snapshot.
0x8c04ced0,ported-invocation,src/fight/device_adapters_0.c,62,static original-image C; complete body and helper behavior,matrix_family: 506/506 cases match (0 skipped) - PASS; Full frozen bodies; independent changed inputs and relocated fixture pointers across states 23/29; immutable strict replay snapshot.
0x8c05c128,ported-invocation,src/fight/advance_scene_commands.c,58,static original-image C; complete body and helper behavior,matrix_family: 512/512 cases match (0 skipped) - PASS; Full frozen bodies; independent changed inputs and relocated fixture pointers across states 23/29; immutable strict replay snapshot.
0x8c068de4,ported-invocation,src/fight/seventh_adapters.c,42,static original-image C; complete body and helper behavior,matrix_family: 512/512 cases match (0 skipped) - PASS; Full frozen bodies; independent changed inputs and relocated fixture pointers across states 23/29; immutable strict replay snapshot.
0x8c0713ce,ported-invocation,src/fight/eighth_adapters.c,34,static original-image C; complete body and helper behavior,matrix_family: 487/487 cases match (0 skipped) - PASS; Full frozen bodies; independent changed inputs and relocated fixture pointers across states 23/29; immutable strict replay snapshot.
0x8c074788,ported-invocation,src/fight/advance_scene_commands.c,42,static original-image C; complete body and helper behavior,matrix_family: 512/512 cases match (0 skipped) - PASS; Full frozen bodies; independent changed inputs and relocated fixture pointers across states 23/29; immutable strict replay snapshot.
0x8c074a52,ported-invocation,src/fight/seventh_c12_adapters.c,24,static original-image C; complete body and helper behavior,matrix_family: 512/512 cases match (0 skipped) - PASS; Full frozen bodies; independent changed inputs and relocated fixture pointers across states 23/29; immutable strict replay snapshot.
0x8c074a6a,ported-invocation,src/fight/seventh_c12_adapters.c,24,static original-image C; complete body and helper behavior,matrix_family: 512/512 cases match (0 skipped) - PASS; Full frozen bodies; independent changed inputs and relocated fixture pointers across states 23/29; immutable strict replay snapshot.
0x8c07ad96,ported-invocation,src/fight/advance_scene_commands.c,56,static original-image C; complete body and helper behavior,matrix_family: 512/512 cases match (0 skipped) - PASS; Full frozen bodies; independent changed inputs and relocated fixture pointers across states 23/29; immutable strict replay snapshot.
0x8c07b66e,ported-invocation,src/fight/tenpp_expanded_adapters.c,46,static original-image C; complete body and helper behavior,matrix_family: 512/512 cases match (0 skipped) - PASS; Full frozen bodies; independent changed inputs and relocated fixture pointers across states 23/29; immutable strict replay snapshot.
0x8c07eff4,ported-invocation,src/fight/advance_worker_adapters.c,36,static original-image C; complete body and helper behavior,matrix_family: 488/488 cases match (0 skipped) - PASS; Full frozen bodies; independent changed inputs and relocated fixture pointers across states 23/29; immutable strict replay snapshot.
0x8c081cb6,ported-invocation,src/fight/tenpp_complex_adapters.c,50,static original-image C; complete body and helper behavior,matrix_family: 511/511 cases match (0 skipped) - PASS; Full frozen bodies; independent changed inputs and relocated fixture pointers across states 23/29; immutable strict replay snapshot.
0x8c085b0e,ported-invocation,src/fight/advance_worker_adapters.c,58,static original-image C; complete body and helper behavior,matrix_family: 512/512 cases match (0 skipped) - PASS; Full frozen bodies; independent changed inputs and relocated fixture pointers across states 23/29; immutable strict replay snapshot.
0x8c0935ce,ported-invocation,src/fight/advance_scene_commands.c,38,static original-image C; complete body and helper behavior,matrix_family: 488/488 cases match (0 skipped) - PASS; Full frozen bodies; independent changed inputs and relocated fixture pointers across states 23/29; immutable strict replay snapshot.
0x8c0935f4,ported-invocation,src/fight/phase1_adapters_0.c,30,static original-image C; complete body and helper behavior,matrix_family: 512/512 cases match (0 skipped) - PASS; Full frozen bodies; independent changed inputs and relocated fixture pointers across states 23/29; immutable strict replay snapshot.
0x8c0abb8c,ported-invocation,src/fight/tenpp_complex_adapters.c,46,static original-image C; complete body and helper behavior,matrix_family: 512/512 cases match (0 skipped) - PASS; Full frozen bodies; independent changed inputs and relocated fixture pointers across states 23/29; immutable strict replay snapshot.
0x8c0c18c0,ported-invocation,src/fight/tenpp_complex_adapters.c,54,static original-image C; complete body and helper behavior,matrix_family: 512/512 cases match (0 skipped) - PASS; Full frozen bodies; independent changed inputs and relocated fixture pointers across states 23/29; immutable strict replay snapshot.
0x8c0c26e0,ported-invocation,src/fight/tenpp_complex_adapters.c,26,static original-image C; complete body and helper behavior,matrix_family: 512/512 cases match (0 skipped) - PASS; Full frozen bodies; independent changed inputs and relocated fixture pointers across states 23/29; immutable strict replay snapshot.
0x8c0c91ae,ported-invocation,src/fight/advance_scene_commands.c,46,static original-image C; complete body and helper behavior,matrix_family: 512/512 cases match (0 skipped) - PASS; Full frozen bodies; independent changed inputs and relocated fixture pointers across states 23/29; immutable strict replay snapshot.
0x8c0376a0,ported-invocation,src/fight/advance_static_helpers.c,64,static original-image C; complete body and helper behavior,"matrix_family: 512/512 cases match (0 skipped) - PASS; Original calendar, numeric text, record and scene helpers; strict zero-skip replay; changed reserved-state inputs and pointer relocation; full frozen development bodies"
0x8c03ada4,ported-invocation,src/fight/advance_static_helpers.c,72,static original-image C; complete body and helper behavior,"matrix_family: 448/448 cases match (0 skipped) - PASS; Original calendar, numeric text, record and scene helpers; strict zero-skip replay; changed reserved-state inputs and pointer relocation; full frozen development bodies"
0x8c0469c0,ported-invocation,src/fight/advance_static_helpers.c,64,static original-image C; complete body and helper behavior,"matrix_family: 512/512 cases match (0 skipped) - PASS; Original calendar, numeric text, record and scene helpers; strict zero-skip replay; changed reserved-state inputs and pointer relocation; full frozen development bodies"
0x8c04f304,ported-invocation,src/fight/advance_static_helpers.c,88,static original-image C; complete body and helper behavior,"matrix_family: 512/512 cases match (0 skipped) - PASS; Original calendar, numeric text, record and scene helpers; strict zero-skip replay; changed reserved-state inputs and pointer relocation; full frozen development bodies"
0x8c07d77c,ported-invocation,src/fight/advance_worker_adapters.c,78,static original-image C; complete body and helper behavior,"matrix_family: 1012/1012 cases match (0 skipped) - PASS; Original calendar, numeric text, record and scene helpers; strict zero-skip replay; changed reserved-state inputs and pointer relocation; full frozen development bodies"
0x8c080e08,ported-invocation,src/fight/motion_adapters.c,84,static original-image C; complete body and helper behavior,"matrix_family: 316/316 cases match (0 skipped) - PASS; Original calendar, numeric text, record and scene helpers; strict zero-skip replay; changed reserved-state inputs and pointer relocation; full frozen development bodies"
0x8c0853a2,ported-invocation,src/fight/advance_static_helpers.c,68,static original-image C; complete body and helper behavior,"matrix_family: 463/463 cases match (0 skipped) - PASS; Original calendar, numeric text, record and scene helpers; strict zero-skip replay; changed reserved-state inputs and pointer relocation; full frozen development bodies"
0x8c08cf9a,ported-invocation,src/fight/motion_adapters.c,78,static original-image C; complete body and helper behavior,"matrix_family: 512/512 cases match (0 skipped) - PASS; Original calendar, numeric text, record and scene helpers; strict zero-skip replay; changed reserved-state inputs and pointer relocation; full frozen development bodies"
0x8c08d51e,ported-invocation,src/fight/motion_adapters.c,190,static original-image C; complete body and helper behavior,"matrix_family: 985/985 cases match (0 skipped) - PASS; Original calendar, numeric text, record and scene helpers; strict zero-skip replay; changed reserved-state inputs and pointer relocation; full frozen development bodies"
0x8c09a758,ported-invocation,src/fight/advance_static_helpers.c,68,static original-image C; complete body and helper behavior,"matrix_family: 1525/1525 cases match (0 skipped) - PASS; Original calendar, numeric text, record and scene helpers; strict zero-skip replay; changed reserved-state inputs and pointer relocation; full frozen development bodies"
0x8c04b95c,ported-invocation,src/fight/seventh_c14_adapters.c,80,static original-image C; complete body and helper behavior,"matrix_family: 377/377 cases match (0 skipped) - PASS; Indicator callbacks, transform records and existing source owners; full frozen development bodies; independently changed inputs, relocated fixtures and strict zero-skip reserved-state replay"
0x8c06c4a2,ported-invocation,src/fight/advance_render_helpers.c,124,static original-image C; complete body and helper behavior,"matrix_family: 509/509 cases match (0 skipped) - PASS; Indicator callbacks, transform records and existing source owners; full frozen development bodies; independently changed inputs, relocated fixtures and strict zero-skip reserved-state replay"
0x8c08aa64,ported-invocation,src/fight/advance_render_helpers.c,110,static original-image C; complete body and helper behavior,"matrix_family: 257/257 cases match (0 skipped) - PASS; Indicator callbacks, transform records and existing source owners; full frozen development bodies; independently changed inputs, relocated fixtures and strict zero-skip reserved-state replay"
0x8c09669c,ported-invocation,src/fight/matrix_adapters.c,76,static original-image C; complete body and helper behavior,"matrix_family: 482/482 cases match (0 skipped) - PASS; Indicator callbacks, transform records and existing source owners; full frozen development bodies; independently changed inputs, relocated fixtures and strict zero-skip reserved-state replay"
0x8c0b1cd8,ported-invocation,src/fight/fight_adapters.c,230,static original-image C; complete body and helper behavior,"matrix_family: 316/316 cases match (0 skipped) - PASS; Indicator callbacks, transform records and existing source owners; full frozen development bodies; independently changed inputs, relocated fixtures and strict zero-skip reserved-state replay"
0x8c0c398a,ported-invocation,src/fight/vf3_ultimate_adapter.c,140,static original-image C; complete body and helper behavior,"matrix_family: 511/511 cases match (0 skipped) - PASS; Indicator callbacks, transform records and existing source owners; full frozen development bodies; independently changed inputs, relocated fixtures and strict zero-skip reserved-state replay"
0x8c0c298c,ported-invocation,src/fight/next_adapters.c,6,static original-image C; complete body and helper behavior,"matrix_family: 316/316 cases match (0 skipped) - PASS; Original prologue and frozen child captured in rollback probes; complete frozen development bodies; reserved-state changed inputs, relocated fixtures and strict zero-skip acceptance replay"
0x8c0c2992,ported-invocation,src/fight/next_adapters.c,388,static original-image C; complete body and helper behavior,"matrix_family: 316/316 cases match (0 skipped) - PASS; Original prologue and frozen child captured in rollback probes; complete frozen development bodies; reserved-state changed inputs, relocated fixtures and strict zero-skip acceptance replay"
0x8c04f912,ported-invocation,src/fight/vf3_motion_unowned_extra_adapter.c,124,static original-image C; complete body and helper behavior,matrix_family: 511/511 cases match (0 skipped) - PASS; Original image scene record render helpers; complete frozen bodies; independent states 23/29 and relocated changed fixtures; strict zero skips.
0x8c08559a,ported-invocation,src/fight/advance_record_render.c,156,static original-image C; complete body and helper behavior,matrix_family: 512/512 cases match (0 skipped) - PASS; Original image scene record render helpers; complete frozen bodies; independent states 23/29 and relocated changed fixtures; strict zero skips.
0x8c086372,ported-invocation,src/fight/advance_record_render.c,116,static original-image C; complete body and helper behavior,matrix_family: 511/511 cases match (0 skipped) - PASS; Original image scene record render helpers; complete frozen bodies; independent states 23/29 and relocated changed fixtures; strict zero skips.
0x8c087cf2,ported-invocation,src/fight/advance_record_render.c,218,static original-image C; complete body and helper behavior,matrix_family: 510/510 cases match (0 skipped) - PASS; Original image scene record render helpers; complete frozen bodies; independent states 23/29 and relocated changed fixtures; strict zero skips.
0x8c088158,ported-invocation,src/fight/tenpp_complex_adapters.c,84,static original-image C; complete body and helper behavior,matrix_family: 511/511 cases match (0 skipped) - PASS; Original image scene record render helpers; complete frozen bodies; independent states 23/29 and relocated changed fixtures; strict zero skips.
0x8c089fa8,ported-invocation,src/fight/advance_record_render.c,158,static original-image C; complete body and helper behavior,matrix_family: 509/509 cases match (0 skipped) - PASS; Original image scene record render helpers; complete frozen bodies; independent states 23/29 and relocated changed fixtures; strict zero skips.
0x8c0c41cc,ported-invocation,src/fight/motion_adapters.c,102,static original-image C; complete body and helper behavior,matrix_family: 512/512 cases match (0 skipped) - PASS; Original image scene record render helpers; complete frozen bodies; independent states 23/29 and relocated changed fixtures; strict zero skips.
0x8c090000,ported-invocation,src/fight/advance_vector_adapters.c,1586,static original-image C; complete body and helper behavior,matrix_family: 1265/1265 cases match (0 skipped) - PASS; Original saved-r14 prologue; projection and zero-distance RAM contracts; every frozen body PC in development and holdout; states 23/29 with changed floats and relocated pointers; strict zero skips.
0x8c04667a,ported-invocation,src/fight/advance_client_wrappers.c,38,static original-image C; complete body and helper behavior,matrix_family: 472/472 cases match (0 skipped) - PASS; Original configuration bounds and resource-client validation; complete development bodies in states 21/27; independent relocated holdout in 23/29; strict zero skips; original SDK callees translated from identity image.
0x8c0466a8,ported-invocation,src/fight/advance_client_wrappers.c,38,static original-image C; complete body and helper behavior,matrix_family: 510/510 cases match (0 skipped) - PASS; Original configuration bounds and resource-client validation; complete development bodies in states 21/27; independent relocated holdout in 23/29; strict zero skips; original SDK callees translated from identity image.
0x8c046730,ported-invocation,src/fight/advance_client_wrappers.c,38,static original-image C; complete body and helper behavior,matrix_family: 506/506 cases match (0 skipped) - PASS; Original configuration bounds and resource-client validation; complete development bodies in states 21/27; independent relocated holdout in 23/29; strict zero skips; original SDK callees translated from identity image.
0x8c04675e,ported-invocation,src/fight/advance_client_wrappers.c,38,static original-image C; complete body and helper behavior,matrix_family: 506/506 cases match (0 skipped) - PASS; Original configuration bounds and resource-client validation; complete development bodies in states 21/27; independent relocated holdout in 23/29; strict zero skips; original SDK callees translated from identity image.
0x8c04678c,ported-invocation,src/fight/advance_client_wrappers.c,38,static original-image C; complete body and helper behavior,matrix_family: 512/512 cases match (0 skipped) - PASS; Original configuration bounds and resource-client validation; complete development bodies in states 21/27; independent relocated holdout in 23/29; strict zero skips; original SDK callees translated from identity image.
0x8c046b08,ported-invocation,src/fight/advance_client_wrappers.c,38,static original-image C; complete body and helper behavior,matrix_family: 512/512 cases match (0 skipped) - PASS; Original configuration bounds and resource-client validation; complete development bodies in states 21/27; independent relocated holdout in 23/29; strict zero skips; original SDK callees translated from identity image.
0x8c076aec,ported-invocation,src/fight/advance_client_wrappers.c,46,static original-image C; complete body and helper behavior,matrix_family: 512/512 cases match (0 skipped) - PASS; Original configuration bounds and resource-client validation; complete development bodies in states 21/27; independent relocated holdout in 23/29; strict zero skips; original SDK callees translated from identity image.
0x8c0810f6,ported-invocation,src/fight/motion_adapters.c,50,static original-image C; complete body and helper behavior,matrix_family: 507/507 cases match (0 skipped) - PASS; Original configuration bounds and resource-client validation; complete development bodies in states 21/27; independent relocated holdout in 23/29; strict zero skips; original SDK callees translated from identity image.
0x8c08e1cc,ported-invocation,src/fight/advance_config_editors.c,50,static original-image C; complete body and helper behavior,matrix_family: 512/512 cases match (0 skipped) - PASS; Original configuration bounds and resource-client validation; complete development bodies in states 21/27; independent relocated holdout in 23/29; strict zero skips; original SDK callees translated from identity image.
0x8c08e200,ported-invocation,src/fight/advance_config_editors.c,54,static original-image C; complete body and helper behavior,matrix_family: 512/512 cases match (0 skipped) - PASS; Original configuration bounds and resource-client validation; complete development bodies in states 21/27; independent relocated holdout in 23/29; strict zero skips; original SDK callees translated from identity image.
0x8c08e238,ported-invocation,src/fight/advance_config_editors.c,54,static original-image C; complete body and helper behavior,matrix_family: 512/512 cases match (0 skipped) - PASS; Original configuration bounds and resource-client validation; complete development bodies in states 21/27; independent relocated holdout in 23/29; strict zero skips; original SDK callees translated from identity image.
0x8c08e2b6,ported-invocation,src/fight/advance_config_editors.c,54,static original-image C; complete body and helper behavior,matrix_family: 512/512 cases match (0 skipped) - PASS; Original configuration bounds and resource-client validation; complete development bodies in states 21/27; independent relocated holdout in 23/29; strict zero skips; original SDK callees translated from identity image.
0x8c08e2ee,ported-invocation,src/fight/advance_config_editors.c,54,static original-image C; complete body and helper behavior,matrix_family: 512/512 cases match (0 skipped) - PASS; Original configuration bounds and resource-client validation; complete development bodies in states 21/27; independent relocated holdout in 23/29; strict zero skips; original SDK callees translated from identity image.
0x8c08e326,ported-invocation,src/fight/advance_config_editors.c,54,static original-image C; complete body and helper behavior,matrix_family: 511/511 cases match (0 skipped) - PASS; Original configuration bounds and resource-client validation; complete development bodies in states 21/27; independent relocated holdout in 23/29; strict zero skips; original SDK callees translated from identity image.
0x8c08e35e,ported-invocation,src/fight/advance_config_editors.c,54,static original-image C; complete body and helper behavior,matrix_family: 512/512 cases match (0 skipped) - PASS; Original configuration bounds and resource-client validation; complete development bodies in states 21/27; independent relocated holdout in 23/29; strict zero skips; original SDK callees translated from identity image.
0x8c08e396,ported-invocation,src/fight/advance_config_editors.c,54,static original-image C; complete body and helper behavior,matrix_family: 512/512 cases match (0 skipped) - PASS; Original configuration bounds and resource-client validation; complete development bodies in states 21/27; independent relocated holdout in 23/29; strict zero skips; original SDK callees translated from identity image.
0x8c08e3ce,ported-invocation,src/fight/advance_config_editors.c,54,static original-image C; complete body and helper behavior,matrix_family: 512/512 cases match (0 skipped) - PASS; Original configuration bounds and resource-client validation; complete development bodies in states 21/27; independent relocated holdout in 23/29; strict zero skips; original SDK callees translated from identity image.
0x8c08e426,ported-invocation,src/fight/advance_config_editors.c,54,static original-image C; complete body and helper behavior,matrix_family: 512/512 cases match (0 skipped) - PASS; Original configuration bounds and resource-client validation; complete development bodies in states 21/27; independent relocated holdout in 23/29; strict zero skips; original SDK callees translated from identity image.
0x8c08e45e,ported-invocation,src/fight/advance_config_editors.c,54,static original-image C; complete body and helper behavior,matrix_family: 511/511 cases match (0 skipped) - PASS; Original configuration bounds and resource-client validation; complete development bodies in states 21/27; independent relocated holdout in 23/29; strict zero skips; original SDK callees translated from identity image.
0x8c08e49a,ported-invocation,src/fight/advance_config_editors.c,54,static original-image C; complete body and helper behavior,matrix_family: 512/512 cases match (0 skipped) - PASS; Original configuration bounds and resource-client validation; complete development bodies in states 21/27; independent relocated holdout in 23/29; strict zero skips; original SDK callees translated from identity image.
0x8c08e4d6,ported-invocation,src/fight/advance_config_editors.c,54,static original-image C; complete body and helper behavior,matrix_family: 512/512 cases match (0 skipped) - PASS; Original configuration bounds and resource-client validation; complete development bodies in states 21/27; independent relocated holdout in 23/29; strict zero skips; original SDK callees translated from identity image.
0x8c08e50e,ported-invocation,src/fight/advance_config_editors.c,54,static original-image C; complete body and helper behavior,matrix_family: 512/512 cases match (0 skipped) - PASS; Original configuration bounds and resource-client validation; complete development bodies in states 21/27; independent relocated holdout in 23/29; strict zero skips; original SDK callees translated from identity image.
0x8c08e57e,ported-invocation,src/fight/advance_config_editors.c,54,static original-image C; complete body and helper behavior,matrix_family: 512/512 cases match (0 skipped) - PASS; Original configuration bounds and resource-client validation; complete development bodies in states 21/27; independent relocated holdout in 23/29; strict zero skips; original SDK callees translated from identity image.
0x8c096718,ported-invocation,src/fight/tenpp_complex_adapters.c,54,static original-image C; complete body and helper behavior,matrix_family: 510/510 cases match (0 skipped) - PASS; Original configuration bounds and resource-client validation; complete development bodies in states 21/27; independent relocated holdout in 23/29; strict zero skips; original SDK callees translated from identity image.
0x8c0c5f52,ported-invocation,src/fight/advance_client_wrappers.c,60,static original-image C; complete body and helper behavior,matrix_family: 448/448 cases match (0 skipped) - PASS; Original configuration bounds and resource-client validation; complete development bodies in states 21/27; independent relocated holdout in 23/29; strict zero skips; original SDK callees translated from identity image.
0x8c0ab8f0,ported-invocation,src/fight/advance_branch_adapters.c,376,static original-image C; complete body and helper behavior,matrix_family: 429/429 cases match (0 skipped) - PASS; Original scene predicates and projection record loop; complete merged development bodies in two scenarios; independent changed and relocated RAM holdout in states 23/29; strict zero skips; original helpers preserved.
0x8c0c1ac2,ported-invocation,src/fight/advance_branch_adapters.c,236,static original-image C; complete body and helper behavior,matrix_family: 407/407 cases match (0 skipped) - PASS; Original scene predicates and projection record loop; complete merged development bodies in two scenarios; independent changed and relocated RAM holdout in states 23/29; strict zero skips; original helpers preserved.
0x8c0c8b52,ported-invocation,src/fight/device_adapters.c,82,static original-image C; complete body and helper behavior,matrix_family: 135/135 cases match (0 skipped) - PASS; Untouched original body; retained complete development and fresh changed relocated pair records in reserved states 23/29; actual RNG and scene guard retained.
0x8c0620f8,ported-invocation,src/fight/matrix_adapters.c,406,static original-image C; complete body and helper behavior,"matrix_family: 1172/1172 cases match (0 skipped) - PASS; All frozen allocator PCs from merged generic, original-prologue and exact-size/2KiB-boundary development; changed sizes, flags and relocated acyclic list nodes in reserved states 23/29."
0x8c04bc8e,ported-invocation,src/fight/advance_small_tail_adapters.c,46,static original-image C; complete body and helper behavior,matrix_family: 512/512 cases match (0 skipped) - PASS; Untouched original image; complete frozen development bodies; changed relocated inputs across independent reserved states 23/29; actual original state comparison/checksum/copy and configuration calls.
0x8c04bcc6,ported-invocation,src/fight/advance_small_tail_adapters.c,58,static original-image C; complete body and helper behavior,matrix_family: 311/311 cases match (0 skipped) - PASS; Untouched original image; complete frozen development bodies; changed relocated inputs across independent reserved states 23/29; actual original state comparison/checksum/copy and configuration calls.
0x8c05f12c,ported-invocation,src/fight/matrix_adapters.c,58,static original-image C; complete body and helper behavior,matrix_family: 311/311 cases match (0 skipped) - PASS; Untouched original image; complete frozen development bodies; changed relocated inputs across independent reserved states 23/29; actual original state comparison/checksum/copy and configuration calls.
0x8c0613c2,ported-invocation,src/fight/tenpp_complex_adapters.c,56,static original-image C; complete body and helper behavior,matrix_family: 451/451 cases match (0 skipped) - PASS; Untouched original image; complete frozen development bodies; changed relocated inputs across independent reserved states 23/29; actual original state comparison/checksum/copy and configuration calls.
0x8c076aa8,ported-invocation,src/fight/advance_state_helpers.c,62,static original-image C; complete body and helper behavior,matrix_family: 509/509 cases match (0 skipped) - PASS; Untouched original image; complete frozen development bodies; changed relocated inputs across independent reserved states 23/29; actual original state comparison/checksum/copy and configuration calls.
0x8c0819fa,ported-invocation,src/fight/advance_small_tail_adapters.c,56,static original-image C; complete body and helper behavior,matrix_family: 106/106 cases match (0 skipped) - PASS; Untouched original image; complete frozen development bodies; changed relocated inputs across independent reserved states 23/29; actual original state comparison/checksum/copy and configuration calls.
0x8c08e546,ported-invocation,src/fight/advance_config_editors.c,54,static original-image C; complete body and helper behavior,matrix_family: 512/512 cases match (0 skipped) - PASS; Untouched original image; complete frozen development bodies; changed relocated inputs across independent reserved states 23/29; actual original state comparison/checksum/copy and configuration calls.
0x8c09b926,ported-invocation,src/fight/advance_small_tail_adapters.c,58,static original-image C; complete body and helper behavior,matrix_family: 311/311 cases match (0 skipped) - PASS; Untouched original image; complete frozen development bodies; changed relocated inputs across independent reserved states 23/29; actual original state comparison/checksum/copy and configuration calls.
0x8c0619d2,ported-invocation,src/fight/tenpp_complex_adapters.c,56,static original-image C; complete body and helper behavior,"matrix_family: 289/289 cases match (0 skipped) - PASS; Full original wrapper body; retained varied development in states 21/27; coherent empty mutable allocator list heads/tails in independent relocated states 23/29, retaining original cleanup helpers."
0x8c081e7c,ported-invocation,src/fight/advance_medium_adapters.c,264,static original-image C; complete body and helper behavior,matrix_family: 512/512 cases match (0 skipped) - PASS; Complete development bodies; independent changed boundary inputs and relocated fixtures in states 23/29; strict replay with zero skips.
0x8c08af6c,ported-invocation,src/fight/advance_medium_adapters.c,366,static original-image C; complete body and helper behavior,matrix_family: 393/393 cases match (0 skipped) - PASS; Complete development bodies; independent changed boundary inputs and relocated fixtures in states 23/29; strict replay with zero skips.
0x8c08ef62,ported-invocation,src/fight/advance_medium_adapters.c,388,static original-image C; complete body and helper behavior,matrix_family: 240/240 cases match (0 skipped) - PASS; Complete development bodies; independent changed boundary inputs and relocated fixtures in states 23/29; strict replay with zero skips.
0x8c03be34,ported-invocation,src/fight/continuation_matrix_adapters.c,338,static original-image C; complete body and helper behavior,matrix_family: 582/582 cases match (0 skipped) - PASS; Original prologue matrix degeneracy and caller-stack control statuses; relocated changed-input acceptance in states23/29.
0x8c05d2dc,ported-invocation,src/fight/continuation_input_controls.c,276,static original-image C; complete body and helper behavior,matrix_family: 1024/1024 cases match (0 skipped) - PASS; Original prologue matrix degeneracy and caller-stack control statuses; relocated changed-input acceptance in states23/29.
0x8c061c12,ported-invocation,src/fight/tenpp_complex_adapters.c,592,static original-image C; complete body and helper behavior,"matrix_family: 486/486 cases match (0 skipped) - PASS; Original prologues, fixed 24-byte descriptor pool, coherent list splits/coalescing/exhaustion; changed sizes and relocated clients in states23/29."
0x8c061e86,ported-invocation,src/fight/matrix_adapters.c,310,static original-image C; complete body and helper behavior,"matrix_family: 487/487 cases match (0 skipped) - PASS; Original prologues, fixed 24-byte descriptor pool, coherent list splits/coalescing/exhaustion; changed sizes and relocated clients in states23/29."
0x8c061fe0,ported-invocation,src/fight/tenpp_complex_adapters.c,250,static original-image C; complete body and helper behavior,"matrix_family: 485/485 cases match (0 skipped) - PASS; Original prologues, fixed 24-byte descriptor pool, coherent list splits/coalescing/exhaustion; changed sizes and relocated clients in states23/29."
0x8c0623a4,ported-invocation,src/fight/tenpp_complex_adapters.c,228,static original-image C; complete body and helper behavior,"matrix_family: 446/446 cases match (0 skipped) - PASS; Original prologues, fixed 24-byte descriptor pool, coherent list splits/coalescing/exhaustion; changed sizes and relocated clients in states23/29."
0x8c062490,ported-invocation,src/fight/continuation_allocator_helpers.c,42,static original-image C; complete body and helper behavior,"matrix_family: 506/506 cases match (0 skipped) - PASS; Original prologues, fixed 24-byte descriptor pool, coherent list splits/coalescing/exhaustion; changed sizes and relocated clients in states23/29."
0x8c0624ba,ported-invocation,src/fight/continuation_allocator_helpers.c,42,static original-image C; complete body and helper behavior,"matrix_family: 458/458 cases match (0 skipped) - PASS; Original prologues, fixed 24-byte descriptor pool, coherent list splits/coalescing/exhaustion; changed sizes and relocated clients in states23/29."
0x8c062524,ported-invocation,src/fight/continuation_allocator_helpers.c,48,static original-image C; complete body and helper behavior,"matrix_family: 512/512 cases match (0 skipped) - PASS; Original prologues, fixed 24-byte descriptor pool, coherent list splits/coalescing/exhaustion; changed sizes and relocated clients in states23/29."
0x8c06289a,ported-invocation,src/fight/matrix_adapters.c,600,static original-image C; complete body and helper behavior,"matrix_family: 485/485 cases match (0 skipped) - PASS; Original prologues, fixed 24-byte descriptor pool, coherent list splits/coalescing/exhaustion; changed sizes and relocated clients in states23/29."
0x8c0711b0,ported-invocation,src/fight/phase1_adapters.c,202,static original-image C; complete body and helper behavior,"matrix_family: 510/510 cases match (0 skipped) - PASS; Rechecked retained complete-body development; original 071140 grid prologue, changed finite inputs, dimensions and relocated descriptors in states23/29."
0x8c071428,ported-invocation,src/fight/phase1_adapters.c,202,static original-image C; complete body and helper behavior,"matrix_family: 244/244 cases match (0 skipped) - PASS; Rechecked retained complete-body development; original 071140 grid prologue, changed finite inputs, dimensions and relocated descriptors in states23/29."
0x8c0c1bd0,ported-invocation,src/fight/phase1_adapters.c,28,static original-image C; complete body and helper behavior,"matrix_family: 147/147 cases match (0 skipped) - PASS; Original parent 0x8c0c1bd0, 120 records of 68 bytes; complete development state21/27; independent changed-input relocated acceptance state23/29; strict zero-skip replay."
0x8c0c1bec,ported-invocation,src/fight/phase1_adapters.c,378,static original-image C; complete body and helper behavior,"matrix_family: 147/147 cases match (0 skipped) - PASS; Original parent 0x8c0c1bd0, 120 records of 68 bytes; complete development state21/27; independent changed-input relocated acceptance state23/29; strict zero-skip replay."
0x8c040c92,ported-invocation,src/fight/command_encoders.c,120,static original-image C; complete body and helper behavior,"matrix_family: 256/256 cases match (0 skipped) - PASS; Readable original scalar command packing and enabled-channel encoders; 1400 strict development cases state21/27; changed scalar inputs and relocated RAM queue acceptance state23/29; real enqueue operation, zero skipped."
0x8c040d20,ported-invocation,src/fight/command_encoders.c,236,static original-image C; complete body and helper behavior,"matrix_family: 256/256 cases match (0 skipped) - PASS; Readable original scalar command packing and enabled-channel encoders; 1400 strict development cases state21/27; changed scalar inputs and relocated RAM queue acceptance state23/29; real enqueue operation, zero skipped."
0x8c040e28,ported-invocation,src/fight/command_encoders.c,144,static original-image C; complete body and helper behavior,"matrix_family: 256/256 cases match (0 skipped) - PASS; Readable original scalar command packing and enabled-channel encoders; 1400 strict development cases state21/27; changed scalar inputs and relocated RAM queue acceptance state23/29; real enqueue operation, zero skipped."
0x8c041d06,ported-invocation,src/fight/command_encoders.c,100,static original-image C; complete body and helper behavior,"matrix_family: 127/127 cases match (0 skipped) - PASS; Readable original scalar command packing and enabled-channel encoders; 1400 strict development cases state21/27; changed scalar inputs and relocated RAM queue acceptance state23/29; real enqueue operation, zero skipped."
0x8c041d7e,ported-invocation,src/fight/command_encoders.c,80,static original-image C; complete body and helper behavior,"matrix_family: 127/127 cases match (0 skipped) - PASS; Readable original scalar command packing and enabled-channel encoders; 1400 strict development cases state21/27; changed scalar inputs and relocated RAM queue acceptance state23/29; real enqueue operation, zero skipped."
0x8c041de2,ported-invocation,src/fight/command_encoders.c,100,static original-image C; complete body and helper behavior,"matrix_family: 126/126 cases match (0 skipped) - PASS; Readable original scalar command packing and enabled-channel encoders; 1400 strict development cases state21/27; changed scalar inputs and relocated RAM queue acceptance state23/29; real enqueue operation, zero skipped."
0x8c041e5a,ported-invocation,src/fight/command_encoders.c,80,static original-image C; complete body and helper behavior,"matrix_family: 126/126 cases match (0 skipped) - PASS; Readable original scalar command packing and enabled-channel encoders; 1400 strict development cases state21/27; changed scalar inputs and relocated RAM queue acceptance state23/29; real enqueue operation, zero skipped."
0x8c041ebe,ported-invocation,src/fight/command_encoders.c,80,static original-image C; complete body and helper behavior,"matrix_family: 126/126 cases match (0 skipped) - PASS; Readable original scalar command packing and enabled-channel encoders; 1400 strict development cases state21/27; changed scalar inputs and relocated RAM queue acceptance state23/29; real enqueue operation, zero skipped."
0x8c040ec6,ported-invocation,src/fight/command_encoders.c,84,static original-image C; complete body and helper behavior,matrix_family: 152/152 cases match (0 skipped) - PASS; Original paired 0xa3 command encoder; full frozen body; relocated RAM queue and changed scalar acceptance; zero skips.
0x8c03c720,ported-invocation,src/fight/target_family_adapters.c,14,static original-image C; complete body and helper behavior,matrix_family: 639/639 cases match (0 skipped) - PASS; Complete original bodies across development state21/27; original image checked static adapters and existing helper owners; changed input relocated acceptance state23/29; no foreign instructions and zero skipped cases.
0x8c03c72e,ported-invocation,src/fight/target_family_adapters.c,48,static original-image C; complete body and helper behavior,matrix_family: 639/639 cases match (0 skipped) - PASS; Complete original bodies across development state21/27; original image checked static adapters and existing helper owners; changed input relocated acceptance state23/29; no foreign instructions and zero skipped cases.
0x8c07fca4,ported-invocation,src/fight/target_family_adapters.c,38,static original-image C; complete body and helper behavior,matrix_family: 382/382 cases match (0 skipped) - PASS; Complete original bodies across development state21/27; original image checked static adapters and existing helper owners; changed input relocated acceptance state23/29; no foreign instructions and zero skipped cases.
0x8c0858f2,ported-invocation,src/fight/target_family_adapters.c,226,static original-image C; complete body and helper behavior,matrix_family: 504/504 cases match (0 skipped) - PASS; Complete original bodies across development state21/27; original image checked static adapters and existing helper owners; changed input relocated acceptance state23/29; no foreign instructions and zero skipped cases.
0x8c08a076,ported-invocation,src/fight/target_family_adapters.c,504,static original-image C; complete body and helper behavior,matrix_family: 255/255 cases match (0 skipped) - PASS; Complete original bodies across development state21/27; original image checked static adapters and existing helper owners; changed input relocated acceptance state23/29; no foreign instructions and zero skipped cases.
0x8c08c90e,ported-invocation,src/fight/target_family_adapters.c,106,static original-image C; complete body and helper behavior,matrix_family: 200/200 cases match (0 skipped) - PASS; Complete original bodies across development state21/27; original image checked static adapters and existing helper owners; changed input relocated acceptance state23/29; no foreign instructions and zero skipped cases.
0x8c09b69e,ported-invocation,src/fight/target_family_adapters.c,70,static original-image C; complete body and helper behavior,matrix_family: 704/704 cases match (0 skipped) - PASS; Complete original bodies across development state21/27; original image checked static adapters and existing helper owners; changed input relocated acceptance state23/29; no foreign instructions and zero skipped cases.
0x8c09ba8c,ported-invocation,src/fight/target_family_adapters.c,86,static original-image C; complete body and helper behavior,matrix_family: 671/671 cases match (0 skipped) - PASS; Complete original bodies across development state21/27; original image checked static adapters and existing helper owners; changed input relocated acceptance state23/29; no foreign instructions and zero skipped cases.
0x8c09ca8e,ported-invocation,src/fight/target_family_adapters.c,76,static original-image C; complete body and helper behavior,matrix_family: 671/671 cases match (0 skipped) - PASS; Complete original bodies across development state21/27; original image checked static adapters and existing helper owners; changed input relocated acceptance state23/29; no foreign instructions and zero skipped cases.
0x8c0a6494,ported-invocation,src/fight/target_family_adapters.c,308,static original-image C; complete body and helper behavior,matrix_family: 503/503 cases match (0 skipped) - PASS; Complete original bodies across development state21/27; original image checked static adapters and existing helper owners; changed input relocated acceptance state23/29; no foreign instructions and zero skipped cases.
0x8c04fe46,ported-invocation,src/fight/target_extra_adapters.c,88,static original-image C; complete body and helper behavior,"matrix_family: 80/80 cases match (0 skipped) - PASS; 2589 strict development cases; independent states 23/29, changed inputs and relocated memory; immutable extra development executable; six complete frozen bodies."
0x8c05ae5a,ported-invocation,src/fight/target_extra_adapters.c,208,static original-image C; complete body and helper behavior,"matrix_family: 512/512 cases match (0 skipped) - PASS; 2589 strict development cases; independent states 23/29, changed inputs and relocated memory; immutable extra development executable; six complete frozen bodies."
0x8c07f08e,ported-invocation,src/fight/target_extra_adapters.c,76,static original-image C; complete body and helper behavior,"matrix_family: 470/470 cases match (0 skipped) - PASS; 2589 strict development cases; independent states 23/29, changed inputs and relocated memory; immutable extra development executable; six complete frozen bodies."
0x8c080796,ported-invocation,src/fight/target_extra_adapters.c,56,static original-image C; complete body and helper behavior,"matrix_family: 511/511 cases match (0 skipped) - PASS; 2589 strict development cases; independent states 23/29, changed inputs and relocated memory; immutable extra development executable; six complete frozen bodies."
0x8c0a1fd2,ported-invocation,src/fight/target_family_adapters.c,36,static original-image C; complete body and helper behavior,"matrix_family: 512/512 cases match (0 skipped) - PASS; 2589 strict development cases; independent states 23/29, changed inputs and relocated memory; immutable extra development executable; six complete frozen bodies."
0x8c0a65d4,ported-invocation,src/fight/target_extra_adapters.c,58,static original-image C; complete body and helper behavior,"matrix_family: 504/504 cases match (0 skipped) - PASS; 2589 strict development cases; independent states 23/29, changed inputs and relocated memory; immutable extra development executable; six complete frozen bodies."
0x8c07b02c,ported-invocation,src/fight/target_broad_adapters.c,152,static original-image C; complete body and helper behavior,matrix_family: 362/362 cases match (0 skipped) - PASS; 4562 strict development cases; all twelve frozen bodies executed; independent original states 23/29 with changed inputs and relocation; immutable broad development executable; 1815 original statements with no unsupported or foreign code.
0x8c0887ec,ported-invocation,src/fight/target_broad_adapters.c,122,static original-image C; complete body and helper behavior,matrix_family: 431/431 cases match (0 skipped) - PASS; 4562 strict development cases; all twelve frozen bodies executed; independent original states 23/29 with changed inputs and relocation; immutable broad development executable; 1815 original statements with no unsupported or foreign code.
0x8c08927e,ported-invocation,src/fight/target_broad_adapters.c,172,static original-image C; complete body and helper behavior,matrix_family: 502/502 cases match (0 skipped) - PASS; 4562 strict development cases; all twelve frozen bodies executed; independent original states 23/29 with changed inputs and relocation; immutable broad development executable; 1815 original statements with no unsupported or foreign code.
0x8c089d66,ported-invocation,src/fight/target_broad_adapters.c,202,static original-image C; complete body and helper behavior,matrix_family: 510/510 cases match (0 skipped) - PASS; 4562 strict development cases; all twelve frozen bodies executed; independent original states 23/29 with changed inputs and relocation; immutable broad development executable; 1815 original statements with no unsupported or foreign code.
0x8c089e40,ported-invocation,src/fight/target_broad_adapters.c,314,static original-image C; complete body and helper behavior,matrix_family: 385/385 cases match (0 skipped) - PASS; 4562 strict development cases; all twelve frozen bodies executed; independent original states 23/29 with changed inputs and relocation; immutable broad development executable; 1815 original statements with no unsupported or foreign code.
0x8c093390,ported-invocation,src/fight/target_broad_adapters.c,130,static original-image C; complete body and helper behavior,matrix_family: 95/95 cases match (0 skipped) - PASS; 4562 strict development cases; all twelve frozen bodies executed; independent original states 23/29 with changed inputs and relocation; immutable broad development executable; 1815 original statements with no unsupported or foreign code.
0x8c09d844,ported-invocation,src/fight/target_broad_adapters.c,404,static original-image C; complete body and helper behavior,matrix_family: 450/450 cases match (0 skipped) - PASS; 4562 strict development cases; all twelve frozen bodies executed; independent original states 23/29 with changed inputs and relocation; immutable broad development executable; 1815 original statements with no unsupported or foreign code.
0x8c0a2f90,ported-invocation,src/fight/target_broad_adapters.c,154,static original-image C; complete body and helper behavior,matrix_family: 382/382 cases match (0 skipped) - PASS; 4562 strict development cases; all twelve frozen bodies executed; independent original states 23/29 with changed inputs and relocation; immutable broad development executable; 1815 original statements with no unsupported or foreign code.
0x8c0ace3e,ported-invocation,src/fight/target_broad_adapters.c,156,static original-image C; complete body and helper behavior,matrix_family: 476/476 cases match (0 skipped) - PASS; 4562 strict development cases; all twelve frozen bodies executed; independent original states 23/29 with changed inputs and relocation; immutable broad development executable; 1815 original statements with no unsupported or foreign code.
0x8c0b2518,ported-invocation,src/fight/target_broad_adapters.c,124,static original-image C; complete body and helper behavior,matrix_family: 420/420 cases match (0 skipped) - PASS; 4562 strict development cases; all twelve frozen bodies executed; independent original states 23/29 with changed inputs and relocation; immutable broad development executable; 1815 original statements with no unsupported or foreign code.
0x8c0c6482,ported-invocation,src/fight/target_broad_adapters.c,186,static original-image C; complete body and helper behavior,matrix_family: 294/294 cases match (0 skipped) - PASS; 4562 strict development cases; all twelve frozen bodies executed; independent original states 23/29 with changed inputs and relocation; immutable broad development executable; 1815 original statements with no unsupported or foreign code.
0x8c0c99fe,ported-invocation,src/fight/target_broad_adapters.c,124,static original-image C; complete body and helper behavior,matrix_family: 255/255 cases match (0 skipped) - PASS; 4562 strict development cases; all twelve frozen bodies executed; independent original states 23/29 with changed inputs and relocation; immutable broad development executable; 1815 original statements with no unsupported or foreign code.
0x8c0356d4,ported-invocation,src/fight/target_extended_adapters.c,70,static original-image C; complete body and helper behavior,matrix_family: 460/460 cases match (0 skipped) - PASS; Twenty-seven complete frozen bodies; strict complete-state development and independent states 23/29 acceptance with changed inputs and relocation; seven unsupported BIOS GD-ROM wrappers excluded; immutable extended development executable.
0x8c04bbf2,ported-invocation,src/fight/target_extended_adapters.c,34,static original-image C; complete body and helper behavior,matrix_family: 471/471 cases match (0 skipped) - PASS; Twenty-seven complete frozen bodies; strict complete-state development and independent states 23/29 acceptance with changed inputs and relocation; seven unsupported BIOS GD-ROM wrappers excluded; immutable extended development executable.
0x8c04bc1e,ported-invocation,src/fight/target_extended_adapters.c,52,static original-image C; complete body and helper behavior,matrix_family: 388/388 cases match (0 skipped) - PASS; Twenty-seven complete frozen bodies; strict complete-state development and independent states 23/29 acceptance with changed inputs and relocation; seven unsupported BIOS GD-ROM wrappers excluded; immutable extended development executable.
0x8c04f8be,ported-invocation,src/fight/target_extended_adapters.c,72,static original-image C; complete body and helper behavior,matrix_family: 488/488 cases match (0 skipped) - PASS; Twenty-seven complete frozen bodies; strict complete-state development and independent states 23/29 acceptance with changed inputs and relocation; seven unsupported BIOS GD-ROM wrappers excluded; immutable extended development executable.
0x8c05fc14,ported-invocation,src/fight/target_extended_adapters.c,28,static original-image C; complete body and helper behavior,matrix_family: 512/512 cases match (0 skipped) - PASS; Twenty-seven complete frozen bodies; strict complete-state development and independent states 23/29 acceptance with changed inputs and relocation; seven unsupported BIOS GD-ROM wrappers excluded; immutable extended development executable.
0x8c0696e6,ported-invocation,src/fight/target_extended_adapters.c,26,static original-image C; complete body and helper behavior,matrix_family: 512/512 cases match (0 skipped) - PASS; Twenty-seven complete frozen bodies; strict complete-state development and independent states 23/29 acceptance with changed inputs and relocation; seven unsupported BIOS GD-ROM wrappers excluded; immutable extended development executable.
0x8c07aa34,ported-invocation,src/fight/target_extended_adapters.c,38,static original-image C; complete body and helper behavior,matrix_family: 94/94 cases match (0 skipped) - PASS; Twenty-seven complete frozen bodies; strict complete-state development and independent states 23/29 acceptance with changed inputs and relocation; seven unsupported BIOS GD-ROM wrappers excluded; immutable extended development executable.
0x8c07d890,ported-invocation,src/fight/target_extended_adapters.c,94,static original-image C; complete body and helper behavior,matrix_family: 340/340 cases match (0 skipped) - PASS; Twenty-seven complete frozen bodies; strict complete-state development and independent states 23/29 acceptance with changed inputs and relocation; seven unsupported BIOS GD-ROM wrappers excluded; immutable extended development executable.
0x8c07f022,ported-invocation,src/fight/target_extended_adapters.c,104,static original-image C; complete body and helper behavior,matrix_family: 455/455 cases match (0 skipped) - PASS; Twenty-seven complete frozen bodies; strict complete-state development and independent states 23/29 acceptance with changed inputs and relocation; seven unsupported BIOS GD-ROM wrappers excluded; immutable extended development executable.
0x8c0807d2,ported-invocation,src/fight/target_extended_adapters.c,30,static original-image C; complete body and helper behavior,matrix_family: 437/437 cases match (0 skipped) - PASS; Twenty-seven complete frozen bodies; strict complete-state development and independent states 23/29 acceptance with changed inputs and relocation; seven unsupported BIOS GD-ROM wrappers excluded; immutable extended development executable.
0x8c0810c0,ported-invocation,src/fight/target_extended_adapters.c,50,static original-image C; complete body and helper behavior,matrix_family: 1017/1017 cases match (0 skipped) - PASS; Twenty-seven complete frozen bodies; strict complete-state development and independent states 23/29 acceptance with changed inputs and relocation; seven unsupported BIOS GD-ROM wrappers excluded; immutable extended development executable.
0x8c081982,ported-invocation,src/fight/target_extended_adapters.c,36,static original-image C; complete body and helper behavior,matrix_family: 511/511 cases match (0 skipped) - PASS; Twenty-seven complete frozen bodies; strict complete-state development and independent states 23/29 acceptance with changed inputs and relocation; seven unsupported BIOS GD-ROM wrappers excluded; immutable extended development executable.
0x8c0819b0,ported-invocation,src/fight/target_extended_adapters.c,36,static original-image C; complete body and helper behavior,matrix_family: 512/512 cases match (0 skipped) - PASS; Twenty-seven complete frozen bodies; strict complete-state development and independent states 23/29 acceptance with changed inputs and relocation; seven unsupported BIOS GD-ROM wrappers excluded; immutable extended development executable.
0x8c084aa2,ported-invocation,src/fight/target_extended_adapters.c,60,static original-image C; complete body and helper behavior,matrix_family: 371/371 cases match (0 skipped) - PASS; Twenty-seven complete frozen bodies; strict complete-state development and independent states 23/29 acceptance with changed inputs and relocation; seven unsupported BIOS GD-ROM wrappers excluded; immutable extended development executable.
0x8c08612c,ported-invocation,src/fight/target_extended_adapters.c,40,static original-image C; complete body and helper behavior,matrix_family: 378/378 cases match (0 skipped) - PASS; Twenty-seven complete frozen bodies; strict complete-state development and independent states 23/29 acceptance with changed inputs and relocation; seven unsupported BIOS GD-ROM wrappers excluded; immutable extended development executable.
0x8c087190,ported-invocation,src/fight/target_extended_adapters.c,86,static original-image C; complete body and helper behavior,matrix_family: 511/511 cases match (0 skipped) - PASS; Twenty-seven complete frozen bodies; strict complete-state development and independent states 23/29 acceptance with changed inputs and relocation; seven unsupported BIOS GD-ROM wrappers excluded; immutable extended development executable.
0x8c090fc0,ported-invocation,src/fight/target_extended_adapters.c,104,static original-image C; complete body and helper behavior,matrix_family: 330/330 cases match (0 skipped) - PASS; Twenty-seven complete frozen bodies; strict complete-state development and independent states 23/29 acceptance with changed inputs and relocation; seven unsupported BIOS GD-ROM wrappers excluded; immutable extended development executable.
0x8c091048,ported-invocation,src/fight/target_extended_adapters.c,58,static original-image C; complete body and helper behavior,matrix_family: 319/319 cases match (0 skipped) - PASS; Twenty-seven complete frozen bodies; strict complete-state development and independent states 23/29 acceptance with changed inputs and relocation; seven unsupported BIOS GD-ROM wrappers excluded; immutable extended development executable.
0x8c092210,ported-invocation,src/fight/target_extended_adapters.c,32,static original-image C; complete body and helper behavior,matrix_family: 512/512 cases match (0 skipped) - PASS; Twenty-seven complete frozen bodies; strict complete-state development and independent states 23/29 acceptance with changed inputs and relocation; seven unsupported BIOS GD-ROM wrappers excluded; immutable extended development executable.
0x8c094242,ported-invocation,src/fight/target_extended_adapters.c,28,static original-image C; complete body and helper behavior,matrix_family: 146/146 cases match (0 skipped) - PASS; Twenty-seven complete frozen bodies; strict complete-state development and independent states 23/29 acceptance with changed inputs and relocation; seven unsupported BIOS GD-ROM wrappers excluded; immutable extended development executable.
0x8c0978ee,ported-invocation,src/fight/target_extended_adapters.c,36,static original-image C; complete body and helper behavior,matrix_family: 512/512 cases match (0 skipped) - PASS; Twenty-seven complete frozen bodies; strict complete-state development and independent states 23/29 acceptance with changed inputs and relocation; seven unsupported BIOS GD-ROM wrappers excluded; immutable extended development executable.
0x8c09a992,ported-invocation,src/fight/target_extended_adapters.c,86,static original-image C; complete body and helper behavior,matrix_family: 512/512 cases match (0 skipped) - PASS; Twenty-seven complete frozen bodies; strict complete-state development and independent states 23/29 acceptance with changed inputs and relocation; seven unsupported BIOS GD-ROM wrappers excluded; immutable extended development executable.
0x8c0abad8,ported-invocation,src/fight/target_extended_adapters.c,82,static original-image C; complete body and helper behavior,matrix_family: 506/506 cases match (0 skipped) - PASS; Twenty-seven complete frozen bodies; strict complete-state development and independent states 23/29 acceptance with changed inputs and relocation; seven unsupported BIOS GD-ROM wrappers excluded; immutable extended development executable.
0x8c0c94b2,ported-invocation,src/fight/target_extended_adapters.c,44,static original-image C; complete body and helper behavior,matrix_family: 251/251 cases match (0 skipped) - PASS; Twenty-seven complete frozen bodies; strict complete-state development and independent states 23/29 acceptance with changed inputs and relocation; seven unsupported BIOS GD-ROM wrappers excluded; immutable extended development executable.
0x8c090e14,ported-invocation,src/fight/tenpp_complex_adapters.c,246,static original-image C; complete body and helper behavior,"matrix_family: 483/483 cases match (0 skipped) - PASS; Original whole-body scenarios 21/25, independent acceptance 23/29 with relocated inputs; existing C replay, frozen inventory."
0x8c038956,ported-invocation,src/fight/target_extended_adapters.c,48,static original-image C; complete body and helper behavior,matrix_family: 260/260 cases match (0 skipped) - PASS; Independent acceptance enriched with fresh24/26 scenarios and relocated changed inputs; fixed C and original inventory unchanged.
0x8c06199c,ported-invocation,src/fight/target_extended_adapters.c,52,static original-image C; complete body and helper behavior,matrix_family: 881/881 cases match (0 skipped) - PASS; Independent acceptance enriched with fresh24/26 scenarios and relocated changed inputs; fixed C and original inventory unchanged.
0x8c07e918,ported-invocation,src/fight/target_extended_adapters.c,84,static original-image C; complete body and helper behavior,matrix_family: 258/258 cases match (0 skipped) - PASS; Independent acceptance enriched with fresh24/26 scenarios and relocated changed inputs; fixed C and original inventory unchanged.
0x8c06c8b2,ported-invocation,src/fight/target_extended_adapters.c,142,static original-image C; complete body and helper behavior,"matrix_family: 495/495 cases match (0 skipped) - PASS; Retained original whole body21/22 and fixed C; independent acceptance23/24/26/29 changed inputs, relocated stack, zero skips."
0x8c03b8f4,ported-invocation,src/fight/target_closure_adapters.c,320,static original-image C; complete body and helper behavior,"matrix_family: 69/69 cases match (0 skipped) - PASS; 12 original whole-body candidates, strict fixed C development, independent changed-input relocated acceptance23/29. Frozen inventory and gate thresholds unchanged."
0x8c054b84,ported-invocation,src/fight/target_closure_adapters.c,116,static original-image C; complete body and helper behavior,"matrix_family: 512/512 cases match (0 skipped) - PASS; 12 original whole-body candidates, strict fixed C development, independent changed-input relocated acceptance23/29. Frozen inventory and gate thresholds unchanged."
0x8c06d638,ported-invocation,src/fight/target_closure_adapters.c,210,static original-image C; complete body and helper behavior,"matrix_family: 96/96 cases match (0 skipped) - PASS; 12 original whole-body candidates, strict fixed C development, independent changed-input relocated acceptance23/29. Frozen inventory and gate thresholds unchanged."
0x8c07e104,ported-invocation,src/fight/target_closure_adapters.c,146,static original-image C; complete body and helper behavior,"matrix_family: 282/282 cases match (0 skipped) - PASS; 12 original whole-body candidates, strict fixed C development, independent changed-input relocated acceptance23/29. Frozen inventory and gate thresholds unchanged."
0x8c0806e4,ported-invocation,src/fight/target_closure_adapters.c,136,static original-image C; complete body and helper behavior,"matrix_family: 511/511 cases match (0 skipped) - PASS; 12 original whole-body candidates, strict fixed C development, independent changed-input relocated acceptance23/29. Frozen inventory and gate thresholds unchanged."
0x8c080d2c,ported-invocation,src/fight/target_closure_adapters.c,178,static original-image C; complete body and helper behavior,"matrix_family: 594/594 cases match (0 skipped) - PASS; 12 original whole-body candidates, strict fixed C development, independent changed-input relocated acceptance23/29. Frozen inventory and gate thresholds unchanged."
0x8c089c9c,ported-invocation,src/fight/target_broad_adapters.c,140,static original-image C; complete body and helper behavior,"matrix_family: 511/511 cases match (0 skipped) - PASS; 12 original whole-body candidates, strict fixed C development, independent changed-input relocated acceptance23/29. Frozen inventory and gate thresholds unchanged."
0x8c0acf68,ported-invocation,src/fight/target_closure_adapters.c,146,static original-image C; complete body and helper behavior,"matrix_family: 512/512 cases match (0 skipped) - PASS; 12 original whole-body candidates, strict fixed C development, independent changed-input relocated acceptance23/29. Frozen inventory and gate thresholds unchanged."
0x8c0c4d2c,ported-invocation,src/fight/target_closure_adapters.c,128,static original-image C; complete body and helper behavior,"matrix_family: 464/464 cases match (0 skipped) - PASS; 12 original whole-body candidates, strict fixed C development, independent changed-input relocated acceptance23/29. Frozen inventory and gate thresholds unchanged."
0x8c0c6104,ported-invocation,src/fight/target_closure_adapters.c,118,static original-image C; complete body and helper behavior,"matrix_family: 424/424 cases match (0 skipped) - PASS; 12 original whole-body candidates, strict fixed C development, independent changed-input relocated acceptance23/29. Frozen inventory and gate thresholds unchanged."
0x8c0c8274,ported-invocation,src/fight/target_closure_adapters.c,112,static original-image C; complete body and helper behavior,"matrix_family: 334/334 cases match (0 skipped) - PASS; 12 original whole-body candidates, strict fixed C development, independent changed-input relocated acceptance23/29. Frozen inventory and gate thresholds unchanged."
0x8c0c4e4a,ported-invocation,src/fight/target_closure_adapters.c,102,static original-image C; complete body and helper behavior,"matrix_family: 446/446 cases match (0 skipped) - PASS; Final completed strict acceptance report; original full body21/27, independent holdout23/29, unchanged C and frozen inventory."
0x8c0c7fbc,ported-invocation,src/fight/target_scene_adapters.c,160,static original-image C; complete body and helper behavior,"matrix_family: 512/512 cases match (0 skipped) - PASS; Recovered original second development scenario22; independent acceptance23/24/26/29, changed inputs and relocated stack; unchanged frozen bodies, no skipped cases."
0x8c089ab2,ported-invocation,src/fight/target_scene_adapters.c,108,static original-image C; complete body and helper behavior,"matrix_family: 504/504 cases match (0 skipped) - PASS; Original caller capture, independent extra acceptance scenes, immutable strict replay."
0x8c038b4e,ported-invocation,src/fight/target_remaining_adapters.c,86,static original-image C; complete body and helper behavior,"matrix_family: 502/502 cases match (0 skipped) - PASS; Complete original caller body, callback-filtered development, independent relocated acceptance, zero-skip immutable replay."
0x8c03ca00,ported-invocation,src/fight/target_remaining_adapters.c,12,static original-image C; complete body and helper behavior,"matrix_family: 511/511 cases match (0 skipped) - PASS; Complete original caller body, callback-filtered development, independent relocated acceptance, zero-skip immutable replay."
0x8c03ca0c,ported-invocation,src/fight/target_remaining_adapters.c,20,static original-image C; complete body and helper behavior,"matrix_family: 511/511 cases match (0 skipped) - PASS; Complete original caller body, callback-filtered development, independent relocated acceptance, zero-skip immutable replay."
0x8c03ca20,ported-invocation,src/fight/target_remaining_adapters.c,12,static original-image C; complete body and helper behavior,"matrix_family: 512/512 cases match (0 skipped) - PASS; Complete original caller body, callback-filtered development, independent relocated acceptance, zero-skip immutable replay."
0x8c03ca2c,ported-invocation,src/fight/target_remaining_adapters.c,20,static original-image C; complete body and helper behavior,"matrix_family: 512/512 cases match (0 skipped) - PASS; Complete original caller body, callback-filtered development, independent relocated acceptance, zero-skip immutable replay."
0x8c03ca40,ported-invocation,src/fight/target_remaining_adapters.c,12,static original-image C; complete body and helper behavior,"matrix_family: 511/511 cases match (0 skipped) - PASS; Complete original caller body, callback-filtered development, independent relocated acceptance, zero-skip immutable replay."
0x8c03ca4c,ported-invocation,src/fight/target_remaining_adapters.c,20,static original-image C; complete body and helper behavior,"matrix_family: 511/511 cases match (0 skipped) - PASS; Complete original caller body, callback-filtered development, independent relocated acceptance, zero-skip immutable replay."
0x8c03e7c0,ported-invocation,src/fight/target_remaining_adapters.c,14,static original-image C; complete body and helper behavior,"matrix_family: 512/512 cases match (0 skipped) - PASS; Complete original caller body, callback-filtered development, independent relocated acceptance, zero-skip immutable replay."
0x8c03e7ce,ported-invocation,src/fight/target_remaining_adapters.c,20,static original-image C; complete body and helper behavior,"matrix_family: 512/512 cases match (0 skipped) - PASS; Complete original caller body, callback-filtered development, independent relocated acceptance, zero-skip immutable replay."
0x8c04236a,ported-invocation,src/fight/target_remaining_adapters.c,58,static original-image C; complete body and helper behavior,"matrix_family: 389/389 cases match (0 skipped) - PASS; Complete original caller body, callback-filtered development, independent relocated acceptance, zero-skip immutable replay."
0x8c0443f2,ported-invocation,src/fight/target_remaining_adapters.c,146,static original-image C; complete body and helper behavior,"matrix_family: 512/512 cases match (0 skipped) - PASS; Complete original caller body, callback-filtered development, independent relocated acceptance, zero-skip immutable replay."
0x8c058b80,ported-invocation,src/fight/target_remaining_adapters.c,90,static original-image C; complete body and helper behavior,"matrix_family: 460/460 cases match (0 skipped) - PASS; Complete original caller body, callback-filtered development, independent relocated acceptance, zero-skip immutable replay."
0x8c058d70,ported-invocation,src/fight/target_remaining_adapters.c,24,static original-image C; complete body and helper behavior,"matrix_family: 72/72 cases match (0 skipped) - PASS; Complete original caller body, callback-filtered development, independent relocated acceptance, zero-skip immutable replay."
0x8c060d28,ported-invocation,src/fight/target_remaining_adapters.c,30,static original-image C; complete body and helper behavior,"matrix_family: 512/512 cases match (0 skipped) - PASS; Complete original caller body, callback-filtered development, independent relocated acceptance, zero-skip immutable replay."
0x8c0804f6,ported-invocation,src/fight/target_remaining_adapters.c,24,static original-image C; complete body and helper behavior,"matrix_family: 439/439 cases match (0 skipped) - PASS; Complete original caller body, callback-filtered development, independent relocated acceptance, zero-skip immutable replay."
0x8c081d38,ported-invocation,src/fight/target_remaining_adapters.c,264,static original-image C; complete body and helper behavior,"matrix_family: 512/512 cases match (0 skipped) - PASS; Complete original caller body, callback-filtered development, independent relocated acceptance, zero-skip immutable replay."
0x8c083d70,ported-invocation,src/fight/target_remaining_adapters.c,56,static original-image C; complete body and helper behavior,"matrix_family: 234/234 cases match (0 skipped) - PASS; Complete original caller body, callback-filtered development, independent relocated acceptance, zero-skip immutable replay."
0x8c08935a,ported-invocation,src/fight/target_remaining_adapters.c,102,static original-image C; complete body and helper behavior,"matrix_family: 230/230 cases match (0 skipped) - PASS; Complete original caller body, callback-filtered development, independent relocated acceptance, zero-skip immutable replay."
0x8c08a8e4,ported-invocation,src/fight/target_remaining_adapters.c,70,static original-image C; complete body and helper behavior,"matrix_family: 508/508 cases match (0 skipped) - PASS; Complete original caller body, callback-filtered development, independent relocated acceptance, zero-skip immutable replay."
0x8c08b528,ported-invocation,src/fight/target_remaining_adapters.c,28,static original-image C; complete body and helper behavior,"matrix_family: 512/512 cases match (0 skipped) - PASS; Complete original caller body, callback-filtered development, independent relocated acceptance, zero-skip immutable replay."
0x8c09ce4c,ported-invocation,src/fight/target_remaining_adapters.c,50,static original-image C; complete body and helper behavior,"matrix_family: 444/444 cases match (0 skipped) - PASS; Complete original caller body, callback-filtered development, independent relocated acceptance, zero-skip immutable replay."
0x8c09cf60,ported-invocation,src/fight/target_remaining_adapters.c,50,static original-image C; complete body and helper behavior,"matrix_family: 444/444 cases match (0 skipped) - PASS; Complete original caller body, callback-filtered development, independent relocated acceptance, zero-skip immutable replay."
0x8c0a9452,ported-invocation,src/fight/target_remaining_adapters.c,84,static original-image C; complete body and helper behavior,"matrix_family: 428/428 cases match (0 skipped) - PASS; Complete original caller body, callback-filtered development, independent relocated acceptance, zero-skip immutable replay."
0x8c0c2c88,ported-invocation,src/fight/target_remaining_adapters.c,66,static original-image C; complete body and helper behavior,"matrix_family: 408/408 cases match (0 skipped) - PASS; Complete original caller body, callback-filtered development, independent relocated acceptance, zero-skip immutable replay."
0x8c0c426c,ported-invocation,src/fight/target_remaining_adapters.c,128,static original-image C; complete body and helper behavior,"matrix_family: 512/512 cases match (0 skipped) - PASS; Complete original caller body, callback-filtered development, independent relocated acceptance, zero-skip immutable replay."
0x8c0c82e6,ported-invocation,src/fight/target_extended_adapters.c,78,static original-image C; complete body and helper behavior,"matrix_family: 346/346 cases match (0 skipped) - PASS; Complete original caller body, callback-filtered development, independent relocated acceptance, zero-skip immutable replay."
0x8c07ad12,ported-invocation,src/fight/target_retained_scene_adapters.c,76,static original-image C; complete body and helper behavior,"matrix_family: 256/256 cases match (0 skipped) - PASS; Recovered original development scenes, complete body, fresh relocated independent acceptance and strict immutable replay."
0x8c08605a,ported-invocation,src/fight/target_extended_adapters.c,64,static original-image C; complete body and helper behavior,"matrix_family: 393/393 cases match (0 skipped) - PASS; Recovered original development scenes, complete body, fresh relocated independent acceptance and strict immutable replay."
0x8c08b648,ported-invocation,src/fight/target_retained_scene_adapters.c,28,static original-image C; complete body and helper behavior,"matrix_family: 768/768 cases match (0 skipped) - PASS; Recovered original development scenes, complete body, fresh relocated independent acceptance and strict immutable replay."
0x8c08b668,ported-invocation,src/fight/target_retained_scene_adapters.c,28,static original-image C; complete body and helper behavior,"matrix_family: 766/766 cases match (0 skipped) - PASS; Recovered original development scenes, complete body, fresh relocated independent acceptance and strict immutable replay."
0x8c09102a,ported-invocation,src/fight/target_retained_scene_adapters.c,30,static original-image C; complete body and helper behavior,"matrix_family: 265/265 cases match (0 skipped) - PASS; Recovered original development scenes, complete body, fresh relocated independent acceptance and strict immutable replay."
0x8c09514a,ported-invocation,src/fight/target_retained_scene_adapters.c,52,static original-image C; complete body and helper behavior,"matrix_family: 385/385 cases match (0 skipped) - PASS; Recovered original development scenes, complete body, fresh relocated independent acceptance and strict immutable replay."
0x8c0adb86,ported-invocation,src/fight/target_retained_scene_adapters.c,80,static original-image C; complete body and helper behavior,"matrix_family: 398/398 cases match (0 skipped) - PASS; Recovered original development scenes, complete body, fresh relocated independent acceptance and strict immutable replay."
0x8c0adc72,ported-invocation,src/fight/target_retained_scene_adapters.c,180,static original-image C; complete body and helper behavior,"matrix_family: 511/511 cases match (0 skipped) - PASS; Recovered original development scenes, complete body, fresh relocated independent acceptance and strict immutable replay."
0x8c0adf70,ported-invocation,src/fight/target_retained_scene_adapters.c,80,static original-image C; complete body and helper behavior,"matrix_family: 394/394 cases match (0 skipped) - PASS; Recovered original development scenes, complete body, fresh relocated independent acceptance and strict immutable replay."
0x8c0370fc,ported-invocation,src/fight/target_record_adapters.c,148,static original-image C; complete body and helper behavior,"matrix_family: 508/508 cases match (0 skipped) - PASS; Original record table selector 11, bounded slot indices and explicit mutable global gate; full development body and independent relocated acceptance."
0x8c08dbee,ported-invocation,src/fight/target_dependency_adapters.c,180,static original-image C; complete body and helper behavior,"matrix_family: 297/297 cases match (0 skipped) - PASS; Original helper closure, full body in two development scenes, independent relocated acceptance and immutable zero-skip replay."
0x8c0a8582,ported-invocation,src/fight/target_configuration_adapters.c,254,static original-image C; complete body and helper behavior,"matrix_family: 511/511 cases match (0 skipped) - PASS; Original mutable configuration byte and bounded global selectors; complete original body, independent relocated acceptance, immutable strict replay."
0x8c06233e,ported-invocation,src/fight/target_retained_scene_adapters.c,62,static original-image C; complete body and helper behavior,"matrix_family: 272/272 cases match (0 skipped) - PASS; Additional independent original scenes 24/26, unchanged C, complete development body and zero-skip immutable replay."
0x8c0a00c8,ported-invocation,src/fight/advance_controller_adapters.c,362,static original-image C; complete body and helper behavior,"matrix_family: 1446/1446 cases match (0 skipped) - PASS; Directed original name-entry cursor, count and button data; task objects relocated in independent acceptance; original immutable character table preserved."
0x8c0a92da,ported-invocation,src/fight/target_action_selector_adapters.c,320,static original-image C; complete body and helper behavior,matrix_family: 512/512 cases match (0 skipped) - PASS; Original object selector and joint controller masks; independent acceptance relocates task objects and varies bounded input fields.
0x8c04709a,ported-invocation,src/fight/target_record_adapters.c,294,static original-image C; complete body and helper behavior,"matrix_family: 714/714 cases match (0 skipped) - PASS; Original record CRC and uint32 section-length wrap; fixed size tables preserved, matching and mismatching CRCs observed; relocated independent acceptance."
0x8c08cae2,ported-invocation,src/fight/motion_adapters.c,286,static original-image C; complete body and helper behavior,"matrix_family: 511/511 cases match (0 skipped) - PASS; Original RNG state, joint descriptor coordinates, fighter selector and global mode; independent acceptance uses relocated object graphs."
0x8c094cd2,ported-invocation,src/fight/target_retained_scene_adapters.c,204,static original-image C; complete body and helper behavior,"matrix_family: 470/470 cases match (0 skipped) - PASS; Original motion-command records 0x80/0x81 and finite interpolation boundaries; independent relocated acceptance, all complete cases retained."
0x8c06c0da,ported-invocation,src/fight/fight_adapters.c,276,static original-image C; complete body and helper behavior,"matrix_family: 266/266 cases match (0 skipped) - PASS; Directed score mode and threshold inputs; complete original development and independently relocated acceptance cases, strict replay with zero skips."
0x8c08d00e,ported-invocation,src/fight/phase1_adapters.c,156,static original-image C; complete body and helper behavior,matrix_family: 490/490 cases match (0 skipped) - PASS; Directed float-threshold inputs reach the 06a tail; independent relocated acceptance
0x8c04a4c4,ported-invocation,src/fight/matrix_adapters.c,506,static original-image C; complete body and helper behavior,matrix_family: 256/256 cases match (0 skipped) - PASS; Original callable entry 8c04a320; audited BSR callers and complete image-matching prefix/body; relocated finite independent acceptance.
0x8c03666e,ported-invocation,src/fight/next_adapters.c,16,static original-image C; complete body and helper behavior,"matrix_family: 93/93 cases match (0 skipped) - PASS; Readable callback selection and resource ranges; complete original development bodies, independent states 23/29 and relocated inputs; zero-skip strict replay."
0x8c03ca6c,ported-invocation,src/fight/target_remaining_adapters.c,20,static original-image C; complete body and helper behavior,"matrix_family: 205/205 cases match (0 skipped) - PASS; Readable callback selection and resource ranges; complete original development bodies, independent states 23/29 and relocated inputs; zero-skip strict replay."
0x8c049788,ported-invocation,src/fight/matrix_adapters.c,16,static original-image C; complete body and helper behavior,"matrix_family: 93/93 cases match (0 skipped) - PASS; Readable callback selection and resource ranges; complete original development bodies, independent states 23/29 and relocated inputs; zero-skip strict replay."
0x8c059400,ported-invocation,src/fight/task_callback_selectors.c,118,static original-image C; complete body and helper behavior,"matrix_family: 256/256 cases match (0 skipped) - PASS; Readable callback selection and resource ranges; complete original development bodies, independent states 23/29 and relocated inputs; zero-skip strict replay."
0x8c05cace,ported-invocation,src/fight/resource_ranges.c,52,static original-image C; complete body and helper behavior,"matrix_family: 161/161 cases match (0 skipped) - PASS; Readable callback selection and resource ranges; complete original development bodies, independent states 23/29 and relocated inputs; zero-skip strict replay."
0x8c061ba8,ported-invocation,src/fight/resource_ranges.c,92,static original-image C; complete body and helper behavior,"matrix_family: 154/154 cases match (0 skipped) - PASS; Readable callback selection and resource ranges; complete original development bodies, independent states 23/29 and relocated inputs; zero-skip strict replay."
0x8c093612,ported-invocation,src/fight/tenpp_complex_adapters.c,40,static original-image C; complete body and helper behavior,"matrix_family: 161/161 cases match (0 skipped) - PASS; Readable callback selection and resource ranges; complete original development bodies, independent states 23/29 and relocated inputs; zero-skip strict replay."
0x8c0c01b4,ported-invocation,src/fight/tenpp_complex_adapters.c,36,static original-image C; complete body and helper behavior,"matrix_family: 152/152 cases match (0 skipped) - PASS; Readable callback selection and resource ranges; complete original development bodies, independent states 23/29 and relocated inputs; zero-skip strict replay."
0x8c0c0208,ported-invocation,src/fight/tenpp_leaf_adapters.c,16,static original-image C; complete body and helper behavior,"matrix_family: 93/93 cases match (0 skipped) - PASS; Readable callback selection and resource ranges; complete original development bodies, independent states 23/29 and relocated inputs; zero-skip strict replay."
0x8c0af1a4,ported-invocation,src/fight/motion_flag_command.c,406,static original-image C; complete body and helper behavior,"matrix_family: 4860/4860 cases match (0 skipped) - PASS; Readable packed motion transition command; full frozen body in development and independent relocated acceptance, states 21/27 versus 23/29, zero-skip strict replay."
0x8c0c80be,ported-invocation,src/fight/target_extended_adapters.c,372,static original-image C; complete body and helper behavior,matrix_family: 2303/2303 cases match (0 skipped) - PASS; Menu navigation: original caller register contract; previous/current button and repeat paths; 2303 development and 2560 independent relocated acceptance cases; complete body in both.
0x8c06e1ae,ported-invocation,src/fight/tenpp_expanded_adapters.c,288,static original-image C; complete body and helper behavior,matrix_family: 1024/1024 cases match (0 skipped) - PASS; Complete original-image body in development and independent relocated acceptance; real helper calls; input-only callee-global and record-sentinel dimensions; static C scaffold plus existing interpolation C.
0x8c09c044,ported-invocation,src/fight/percentage_family_adapters.c,386,static original-image C; complete body and helper behavior,matrix_family: 1016/1016 cases match (0 skipped) - PASS; Complete original-image body in development and independent relocated acceptance; real helper calls; input-only callee-global and record-sentinel dimensions; static C scaffold plus existing interpolation C.
0x8c05c90e,ported-invocation,src/fight/resource_ranges.c,28,static original-image C; complete body and helper behavior,matrix_family: 864/864 cases match (0 skipped) - PASS; Readable real resource helper return mapping; full body in both corpora; independent relocated acceptance; sound wrappers excluded.
0x8c0c2f4e,ported-invocation,src/fight/percentage_family_adapters.c,650,static original-image C; complete body and helper behavior,matrix_family: 677/677 cases match (0 skipped) - PASS; Complete selection body in both corpora; original prefix-derived r11/r14 constants for directed branch; real callees; 677 development and 606 independent relocated acceptance cases; failed 400-frame acceptance excluded.
0x8c07abf8,ported-invocation,src/fight/resource_index_reset.c,48,static original-image C; complete body and helper behavior,matrix_family: 247/247 cases match (0 skipped) - PASS; Readable table sentinel reset with real per-index helper; original caller constants r14=10/r11=82/r13=0; complete original body; 247 development and 247 independent acceptance cases. Generic out-of-caller-range helper mismatch remains outside this contract.
0x8c0abcb8,ported-invocation,src/fight/percentage_family_adapters.c,140,static original-image C; complete body and helper behavior,matrix_family: 1152/1152 cases match (0 skipped) - PASS; Static original-image C; full body in both corpora; directed style-5 and style-7 angular branches; 1152 development and 794 independent relocated acceptance cases; resource-index excluded from this proof.
0x8c03ca8c,ported-invocation,src/fight/target_remaining_adapters.c,20,static original-image C; complete body and helper behavior,matrix_family: 512/512 cases match (0 skipped) - PASS; Two readable argument-forwarding clients and three existing leaf translations; full body in development and independent relocated acceptance; real callees; text wrappers excluded pending acceptance.
0x8c03caac,ported-invocation,src/fight/target_remaining_adapters.c,20,static original-image C; complete body and helper behavior,matrix_family: 511/511 cases match (0 skipped) - PASS; Two readable argument-forwarding clients and three existing leaf translations; full body in development and independent relocated acceptance; real callees; text wrappers excluded pending acceptance.
0x8c03e79e,ported-invocation,src/fight/tenpp_complex_adapters.c,20,static original-image C; complete body and helper behavior,matrix_family: 258/258 cases match (0 skipped) - PASS; Two readable argument-forwarding clients and three existing leaf translations; full body in development and independent relocated acceptance; real callees; text wrappers excluded pending acceptance.
0x8c045e4e,ported-invocation,src/fight/advance_client_wrappers.c,38,static original-image C; complete body and helper behavior,matrix_family: 66/66 cases match (0 skipped) - PASS; Two readable argument-forwarding clients and three existing leaf translations; full body in development and independent relocated acceptance; real callees; text wrappers excluded pending acceptance.
0x8c0801de,ported-invocation,src/fight/advance_client_wrappers.c,22,static original-image C; complete body and helper behavior,matrix_family: 465/465 cases match (0 skipped) - PASS; Two readable argument-forwarding clients and three existing leaf translations; full body in development and independent relocated acceptance; real callees; text wrappers excluded pending acceptance.
0x8c0c9d04,ported-invocation,src/fight/random_fraction.c,26,static original-image C; complete body and helper behavior,"matrix_family: 618/618 cases match (0 skipped) - PASS; Readable real 15-bit generator to float scaling; zero, nonzero, upper-range seeds and varied multipliers/increments; 618 development and 512 independent acceptance cases; full body in both."
0x8c07ae30,ported-invocation,src/fight/tenpp_expanded_adapters.c,94,static original-image C; complete body and helper behavior,matrix_family: 457/457 cases match (0 skipped) - PASS; Readable transform/render/RNG composition and existing resource-index claim C; full body in both corpora; real helpers; independent relocated acceptance with zero and nonzero RNG low bits; 759/1152 indicator and 457/896 claim cases.
0x8c08a61c,ported-invocation,src/fight/scene_indicator.c,142,static original-image C; complete body and helper behavior,matrix_family: 759/759 cases match (0 skipped) - PASS; Readable transform/render/RNG composition and existing resource-index claim C; full body in both corpora; real helpers; independent relocated acceptance with zero and nonzero RNG low bits; 759/1152 indicator and 457/896 claim cases.
0x8c07385c,ported-invocation,src/fight/percentage_aux_adapters.c,124,static original-image C; complete body and helper behavior,matrix_family: 237/237 cases match (0 skipped) - PASS; Three static original-image C bodies; full development and independent relocated acceptance; strict architectural and RAM replay with zero skips; real helper implementations.
0x8c081a46,ported-invocation,src/fight/percentage_aux_adapters.c,88,static original-image C; complete body and helper behavior,matrix_family: 371/371 cases match (0 skipped) - PASS; Three static original-image C bodies; full development and independent relocated acceptance; strict architectural and RAM replay with zero skips; real helper implementations.
0x8c081a9e,ported-invocation,src/fight/percentage_aux_adapters.c,92,static original-image C; complete body and helper behavior,matrix_family: 364/364 cases match (0 skipped) - PASS; Three static original-image C bodies; full development and independent relocated acceptance; strict architectural and RAM replay with zero skips; real helper implementations.
0x8c08919e,ported-invocation,src/fight/percentage_aux_adapters.c,210,static original-image C; complete body and helper behavior,"matrix_family: 449/449 cases match (0 skipped) - PASS; Independent relocated acceptance; complete 210-byte body in both corpora, real helper calls, strict zero-skip replay."
0x8c094e8c,ported-invocation,src/fight/motion_group_adapters.c,336,static original-image C; complete body and helper behavior,matrix_family: 375/375 cases match (0 skipped) - PASS; Original prefix-derived contiguous five-object contract and real animation helper; full bodies in development 21/27 and relocated independent acceptance 23/29; strict zero skips.
0x8c095040,ported-invocation,src/fight/motion_group_adapters.c,214,static original-image C; complete body and helper behavior,matrix_family: 381/381 cases match (0 skipped) - PASS; Original prefix-derived contiguous five-object contract and real animation helper; full bodies in development 21/27 and relocated independent acceptance 23/29; strict zero skips.
0x8c09497a,ported-invocation,src/fight/target_retained_scene_adapters.c,186,static original-image C; complete body and helper behavior,"matrix_family: 767/767 cases match (0 skipped) - PASS; Original prologue R0/R7 contexts, motion commands 0x80/0x81, finite vectors and real six-float copy; independent relocated full-body acceptance, immutable strict zero-skip replay."
0x8c094b2a,ported-invocation,src/fight/motion_initialize_adapters.c,360,static original-image C; complete body and helper behavior,"matrix_family: 511/511 cases match (0 skipped) - PASS; Original prologue R0/R7 contexts, motion commands 0x80/0x81, finite vectors and real six-float copy; independent relocated full-body acceptance, immutable strict zero-skip replay."
0x8c094a36,ported-invocation,src/fight/motion_style_adapters.c,198,static original-image C; complete body and helper behavior,matrix_family: 768/768 cases match (0 skipped) - PASS; Original five-object and actor-context contracts; real descriptor initialization and animation helpers; complete bodies in development and independent relocated acceptance; strict zero skips.
0x8c094dc6,ported-invocation,src/fight/motion_style_adapters.c,166,static original-image C; complete body and helper behavior,matrix_family: 379/379 cases match (0 skipped) - PASS; Original five-object and actor-context contracts; real descriptor initialization and animation helpers; complete bodies in development and independent relocated acceptance; strict zero skips.
0x8c05f0b8,ported-invocation,src/fight/texture_storage.c,112,static original-image C; complete body and helper behavior,matrix_family: 501/501 cases match (0 skipped) - PASS; Readable texture word-count and size class; observed after untouched callable prefix 0x8c05f28a; changed holdout dimensions and relocated descriptors.
0x8c05f294,ported-invocation,src/fight/texture_storage.c,124,static original-image C; complete body and helper behavior,matrix_family: 501/501 cases match (0 skipped) - PASS; Readable texture word-count and size class; observed after untouched callable prefix 0x8c05f28a; changed holdout dimensions and relocated descriptors.
0x8c0951e4,ported-invocation,src/fight/motion_adapters_2.c,144,static original-image C; complete body and helper behavior,"matrix_family: 256/256 cases match (0 skipped) - PASS; Full model-slot loop observed through untouched 0x8c0951d2 prefix; null and sentinel slots, two model kinds and signed loop termination; changed relocated holdout."
0x8c051b74,ported-invocation,src/fight/vertex_weight_curve.c,10,static original-image C; complete body and helper behavior,matrix_family: 256/256 cases match (0 skipped) - PASS; Readable vertex emitters and original eleven-mode float weight response; corrected development ABI then fresh changed relocated acceptance.
0x8c0521ac,ported-invocation,src/fight/vertex_weight_curve.c,10,static original-image C; complete body and helper behavior,matrix_family: 256/256 cases match (0 skipped) - PASS; Readable vertex emitters and original eleven-mode float weight response; corrected development ABI then fresh changed relocated acceptance.
0x8c052824,ported-invocation,src/fight/vertex_weight_curve.c,22,static original-image C; complete body and helper behavior,matrix_family: 256/256 cases match (0 skipped) - PASS; Readable vertex emitters and original eleven-mode float weight response; corrected development ABI then fresh changed relocated acceptance.
0x8c046598,ported-invocation,src/fight/record_pool_adapters.c,56,static original-image C; complete body and helper behavior,matrix_family: 256/256 cases match (0 skipped) - PASS; Original record pool slots 0..7 with free/busy status and valid copy buffers; observed frozen entries after original prologues; independent relocated changed-buffer holdout.
0x8c0465d4,ported-invocation,src/fight/record_pool_adapters.c,56,static original-image C; complete body and helper behavior,matrix_family: 256/256 cases match (0 skipped) - PASS; Original record pool slots 0..7 with free/busy status and valid copy buffers; observed frozen entries after original prologues; independent relocated changed-buffer holdout.
0x8c046620,ported-invocation,src/fight/record_pool_adapters.c,90,static original-image C; complete body and helper behavior,matrix_family: 256/256 cases match (0 skipped) - PASS; Original record pool slots 0..7 with free/busy status and valid copy buffers; observed frozen entries after original prologues; independent relocated changed-buffer holdout.
0x8c0467ba,ported-invocation,src/fight/record_pool_adapters.c,42,static original-image C; complete body and helper behavior,matrix_family: 252/252 cases match (0 skipped) - PASS; Original record pool slots 0..7 with free/busy status and valid copy buffers; observed frozen entries after original prologues; independent relocated changed-buffer holdout.
0x8c0467ec,ported-invocation,src/fight/record_pool_adapters.c,46,static original-image C; complete body and helper behavior,matrix_family: 250/250 cases match (0 skipped) - PASS; Original record pool slots 0..7 with free/busy status and valid copy buffers; observed frozen entries after original prologues; independent relocated changed-buffer holdout.
0x8c046822,ported-invocation,src/fight/record_pool_adapters.c,46,static original-image C; complete body and helper behavior,matrix_family: 249/249 cases match (0 skipped) - PASS; Original record pool slots 0..7 with free/busy status and valid copy buffers; observed frozen entries after original prologues; independent relocated changed-buffer holdout.
0x8c046976,ported-invocation,src/fight/record_pool_adapters.c,68,static original-image C; complete body and helper behavior,matrix_family: 256/256 cases match (0 skipped) - PASS; Original record pool slots 0..7 with free/busy status and valid copy buffers; observed frozen entries after original prologues; independent relocated changed-buffer holdout.
0x8c046a3a,ported-invocation,src/fight/record_pool_adapters.c,84,static original-image C; complete body and helper behavior,matrix_family: 256/256 cases match (0 skipped) - PASS; Original record pool slots 0..7 with free/busy status and valid copy buffers; observed frozen entries after original prologues; independent relocated changed-buffer holdout.
0x8c046a8e,ported-invocation,src/fight/record_pool_adapters.c,38,static original-image C; complete body and helper behavior,matrix_family: 252/252 cases match (0 skipped) - PASS; Original record pool slots 0..7 with free/busy status and valid copy buffers; observed frozen entries after original prologues; independent relocated changed-buffer holdout.
0x8c046abc,ported-invocation,src/fight/record_pool_adapters.c,42,static original-image C; complete body and helper behavior,matrix_family: 252/252 cases match (0 skipped) - PASS; Original record pool slots 0..7 with free/busy status and valid copy buffers; observed frozen entries after original prologues; independent relocated changed-buffer holdout.
0x8c046b34,ported-invocation,src/fight/record_pool_adapters.c,74,static original-image C; complete body and helper behavior,matrix_family: 256/256 cases match (0 skipped) - PASS; Original record pool slots 0..7 with free/busy status and valid copy buffers; observed frozen entries after original prologues; independent relocated changed-buffer holdout.
0x8c046b7e,ported-invocation,src/fight/record_pool_adapters.c,38,static original-image C; complete body and helper behavior,matrix_family: 255/255 cases match (0 skipped) - PASS; Original record pool slots 0..7 with free/busy status and valid copy buffers; observed frozen entries after original prologues; independent relocated changed-buffer holdout.
0x8c046bb2,ported-invocation,src/fight/record_pool_adapters.c,62,static original-image C; complete body and helper behavior,matrix_family: 256/256 cases match (0 skipped) - PASS; Original record pool slots 0..7 with free/busy status and valid copy buffers; observed frozen entries after original prologues; independent relocated changed-buffer holdout.
0x8c046bfa,ported-invocation,src/fight/record_pool_adapters.c,78,static original-image C; complete body and helper behavior,matrix_family: 256/256 cases match (0 skipped) - PASS; Original record pool slots 0..7 with free/busy status and valid copy buffers; observed frozen entries after original prologues; independent relocated changed-buffer holdout.
0x8c046c50,ported-invocation,src/fight/record_pool_adapters.c,86,static original-image C; complete body and helper behavior,matrix_family: 255/255 cases match (0 skipped) - PASS; Original record pool slots 0..7 with free/busy status and valid copy buffers; observed frozen entries after original prologues; independent relocated changed-buffer holdout.
0x8c046cd4,ported-invocation,src/fight/record_pool_adapters.c,86,static original-image C; complete body and helper behavior,matrix_family: 255/255 cases match (0 skipped) - PASS; Original record pool slots 0..7 with free/busy status and valid copy buffers; observed frozen entries after original prologues; independent relocated changed-buffer holdout.
0x8c046d32,ported-invocation,src/fight/record_pool_adapters.c,78,static original-image C; complete body and helper behavior,matrix_family: 256/256 cases match (0 skipped) - PASS; Original record pool slots 0..7 with free/busy status and valid copy buffers; observed frozen entries after original prologues; independent relocated changed-buffer holdout.
0x8c046d86,ported-invocation,src/fight/record_pool_adapters.c,62,static original-image C; complete body and helper behavior,matrix_family: 256/256 cases match (0 skipped) - PASS; Original record pool slots 0..7 with free/busy status and valid copy buffers; observed frozen entries after original prologues; independent relocated changed-buffer holdout.
0x8c046dca,ported-invocation,src/fight/record_pool_adapters.c,62,static original-image C; complete body and helper behavior,matrix_family: 256/256 cases match (0 skipped) - PASS; Original record pool slots 0..7 with free/busy status and valid copy buffers; observed frozen entries after original prologues; independent relocated changed-buffer holdout.
0x8c0567e0,ported-invocation,src/fight/indexed_vertex_adapters.c,48,static original-image C; complete body and helper behavior,matrix_family: 256/256 cases match (0 skipped) - PASS; MACL supplies original indexed vertex buffer; typed short indices and all eleven curve modes; changed float holdout with independent relocated input and output buffers.
0x8c056820,ported-invocation,src/fight/indexed_vertex_adapters.c,52,static original-image C; complete body and helper behavior,matrix_family: 256/256 cases match (0 skipped) - PASS; MACL supplies original indexed vertex buffer; typed short indices and all eleven curve modes; changed float holdout with independent relocated input and output buffers.
0x8c056860,ported-invocation,src/fight/indexed_vertex_adapters.c,52,static original-image C; complete body and helper behavior,matrix_family: 256/256 cases match (0 skipped) - PASS; MACL supplies original indexed vertex buffer; typed short indices and all eleven curve modes; changed float holdout with independent relocated input and output buffers.
0x8c056b60,ported-invocation,src/fight/indexed_vertex_adapters.c,66,static original-image C; complete body and helper behavior,matrix_family: 256/256 cases match (0 skipped) - PASS; MACL supplies original indexed vertex buffer; typed short indices and all eleven curve modes; changed float holdout with independent relocated input and output buffers.
0x8c056bc0,ported-invocation,src/fight/indexed_vertex_adapters.c,70,static original-image C; complete body and helper behavior,matrix_family: 256/256 cases match (0 skipped) - PASS; MACL supplies original indexed vertex buffer; typed short indices and all eleven curve modes; changed float holdout with independent relocated input and output buffers.
0x8c056c20,ported-invocation,src/fight/indexed_vertex_adapters.c,70,static original-image C; complete body and helper behavior,matrix_family: 256/256 cases match (0 skipped) - PASS; MACL supplies original indexed vertex buffer; typed short indices and all eleven curve modes; changed float holdout with independent relocated input and output buffers.
0x8c056fa0,ported-invocation,src/fight/indexed_vertex_adapters.c,52,static original-image C; complete body and helper behavior,matrix_family: 256/256 cases match (0 skipped) - PASS; MACL supplies original indexed vertex buffer; typed short indices and all eleven curve modes; changed float holdout with independent relocated input and output buffers.
0x8c056fe0,ported-invocation,src/fight/indexed_vertex_adapters.c,56,static original-image C; complete body and helper behavior,matrix_family: 256/256 cases match (0 skipped) - PASS; MACL supplies original indexed vertex buffer; typed short indices and all eleven curve modes; changed float holdout with independent relocated input and output buffers.
0x8c057020,ported-invocation,src/fight/indexed_vertex_adapters.c,56,static original-image C; complete body and helper behavior,matrix_family: 256/256 cases match (0 skipped) - PASS; MACL supplies original indexed vertex buffer; typed short indices and all eleven curve modes; changed float holdout with independent relocated input and output buffers.
0x8c04d516,ported-invocation,src/fight/advance_client_helper_adapters.c,260,static original-image C; complete body and helper behavior,matrix_family: 475/475 cases match (0 skipped) - PASS; Original caller prefix with live object and GDFS status contracts; independent status table closes negative return path; complete changed relocated holdout.
0x8c04d72e,ported-invocation,src/fight/object_pool_adapters.c,172,static original-image C; complete body and helper behavior,matrix_family: 254/254 cases match (0 skipped) - PASS; Original object pool indices and channel/status contracts; complete body and helper replay; independently changed relocated acceptance.
0x8c04f0e2,ported-invocation,src/fight/object_pool_adapters.c,136,static original-image C; complete body and helper behavior,matrix_family: 256/256 cases match (0 skipped) - PASS; Original object pool indices and channel/status contracts; complete body and helper replay; independently changed relocated acceptance.
0x8c09517a,ported-invocation,src/fight/motion_model_selection.c,18,static original-image C; complete body and helper behavior,matrix_family: 254/254 cases match (0 skipped) - PASS; Readable style-8/21 slot selection through untouched 0x8c095178 prefix; independent changed relocated acceptance; legacy 09518c receives no new byte credit.
0x8c0875f0,ported-invocation,src/fight/target_dependency_adapters.c,72,static original-image C; complete body and helper behavior,matrix_family: 255/255 cases match (0 skipped) - PASS; Matrix helper observed through original callable prefix 0x8c08779c; parent 0x8c0877ac remains uncredited because finite inputs cover only 276 of 280 bytes.
0x8c0ae5b0,ported-invocation,src/fight/tenpp_complex_adapters.c,318,static original-image C; complete body and helper behavior,"matrix_family: 256/256 cases match (0 skipped) - PASS; Original fight-script opcode 8 callable prefix 0x8c0ae5a0; two fighters and four-byte damage record; original opcode 1 flag toggle exercises shared dispatch tail; 256 complete inputs per corpus, relocated acceptance."
0x8c0ae9f6,ported-invocation,src/fight/tenpp_complex_adapters.c,102,static original-image C; complete body and helper behavior,"matrix_family: 256/256 cases match (0 skipped) - PASS; Original opcode 16 callable prefix 0x8c0ae9ec; bounded signed style-scale increment with upper clamp 40, followed by original terminator or flag-toggle opcode; 256 complete strict inputs in each corpus."
0x8c0af44e,ported-invocation,src/fight/script_scale_commands.c,60,static original-image C; complete body and helper behavior,"matrix_family: 256/256 cases match (0 skipped) - PASS; Readable scaled word and bounded decrement; real prefixes, dispatcher and model selector; independently relocated changed-input acceptance in states 23 and 29."
0x8c0af610,ported-invocation,src/fight/script_scale_commands.c,182,static original-image C; complete body and helper behavior,"matrix_family: 256/256 cases match (0 skipped) - PASS; Readable scaled word and bounded decrement; real prefixes, dispatcher and model selector; independently relocated changed-input acceptance in states 23 and 29."
0x8c0af38c,ported-invocation,src/fight/script_position_command.c,188,static original-image C; complete body and helper behavior,"matrix_family: 256/256 cases match (0 skipped) - PASS; Readable original opcode 34 position update; original prefix, sine/cosine helpers and dispatcher; independent relocated changed finite positions in states 23 and 29."
0x8c0a8d5c,ported-invocation,src/fight/motion_descriptor_command.c,164,static original-image C; complete body and helper behavior,matrix_family: 241/241 cases match (0 skipped) - PASS; Readable motion descriptor install; original packed runtime motion table and real frame helpers; 241 development inputs in states 27/29 and 485 changed relocated acceptance inputs in states 26/28.
0x8c040fa4,ported-invocation,src/fight/audio_channels.c,786,static original-image C; complete body and helper behavior,"matrix_family: 128/128 cases match (0 skipped) - PASS; Independent live C/device comparison across real AICA scheduling; signed counts, allocation alignment, rejection paths and relocated acceptance stack; ARM/DSP remain research dependencies."
0x8c098042,ported-invocation,src/fight/audio_actor_clear.c,72,static original-image C; complete body and helper behavior,matrix_family: 128/128 cases match (0 skipped) - PASS; Complete cleanup with specialized six-channel startup and actor style submission; 256 strict live-device pairs and disjoint 128-case native corpora; acceptance actors and stack relocated; original ARM/DSP remain backend dependencies
